Order ID,Date,Time,Item,Category,Quantity,Unit Price,Total Sales,Payment Method,Rating,Datetime
1,2025-10-23,08:55:00.974478,Latte,Coffee,3,4.0,12.0,Cash,5,2025-10-23 08:55:00.974478
2,2025-08-26,07:57:00.974478,Ham & Cheese,Sandwich,1,6.5,6.5,Card,5,2025-08-26 07:57:00.974478
3,2025-08-17,10:17:00.974478,Espresso,Coffee,1,2.5,2.5,Card,5,2025-08-17 10:17:00.974478
4,2025-07-27,12:58:00.974478,Latte,Coffee,1,4.0,4.0,Card,4,2025-07-27 12:58:00.974478
5,2025-08-27,08:02:00.974478,Croissant,Bakery,1,3.5,3.5,Card,4,2025-08-27 08:02:00.974478
6,2025-12-13,10:51:00.974478,Croissant,Bakery,1,3.5,3.5,Card,4,2025-12-13 10:51:00.974478
7,2025-10-24,09:28:00.974478,Herbal Tea,Tea,1,3.0,3.0,Card,5,2025-10-24 09:28:00.974478
8,2025-09-29,10:48:00.974478,Scone,Bakery,1,3.0,3.0,Cash,4,2025-09-29 10:48:00.974478
9,2025-12-08,06:42:00.974478,Cappuccino,Coffee,2,3.75,7.5,Mobile Payment,5,2025-12-08 06:42:00.974478
10,2026-01-05,08:12:00.974478,Green Tea,Tea,1,2.75,2.75,Cash,4,2026-01-05 08:12:00.974478
11,2026-01-06,07:27:00.974478,Chai Latte,Tea,1,4.25,4.25,Card,5,2026-01-06 07:27:00.974478
12,2025-09-21,08:36:00.974478,Green Tea,Tea,1,2.75,2.75,Card,5,2025-09-21 08:36:00.974478
13,2025-12-27,10:28:00.974478,Veggie Wrap,Sandwich,1,7.0,7.0,Mobile Payment,5,2025-12-27 10:28:00.974478
14,2025-10-01,14:09:00.974478,Espresso,Coffee,2,2.5,5.0,Card,5,2025-10-01 14:09:00.974478
15,2025-11-24,07:20:00.974478,Americano,Coffee,1,3.0,3.0,Card,4,2025-11-24 07:20:00.974478
16,2025-12-01,08:51:00.974478,Herbal Tea,Tea,1,3.0,3.0,Cash,4,2025-12-01 08:51:00.974478
17,2026-01-05,08:47:00.974478,Chai Latte,Tea,1,4.25,4.25,Card,5,2026-01-05 08:47:00.974478
18,2025-11-29,07:29:00.974478,Mocha,Coffee,3,4.5,13.5,Cash,4,2025-11-29 07:29:00.974478
19,2025-12-01,00:07:00.974478,Veggie Wrap,Sandwich,2,7.0,14.0,Cash,5,2025-12-01 00:07:00.974478
20,2025-12-31,11:11:00.974478,Ham & Cheese,Sandwich,1,6.5,6.5,Card,3,2025-12-31 11:11:00.974478
21,2025-11-25,12:54:00.974478,Mocha,Coffee,1,4.5,4.5,Card,3,2025-11-25 12:54:00.974478
22,2025-12-14,08:33:00.974478,Mocha,Coffee,1,4.5,4.5,Cash,5,2025-12-14 08:33:00.974478
23,2025-09-10,13:08:00.974478,Herbal Tea,Tea,1,3.0,3.0,Card,5,2025-09-10 13:08:00.974478
24,2025-09-21,11:58:00.974478,Turkey Club,Sandwich,1,7.5,7.5,Cash,4,2025-09-21 11:58:00.974478
25,2026-01-12,09:20:00.974478,Espresso,Coffee,1,2.5,2.5,Card,3,2026-01-12 09:20:00.974478
26,2026-01-15,03:44:00.974478,Green Tea,Tea,1,2.75,2.75,Card,5,2026-01-15 03:44:00.974478
27,2025-12-31,13:51:00.974478,Turkey Club,Sandwich,1,7.5,7.5,Card,5,2025-12-31 13:51:00.974478
28,2026-01-15,08:24:00.974478,Cappuccino,Coffee,1,3.75,3.75,Card,4,2026-01-15 08:24:00.974478
29,2025-08-01,14:55:00.974478,Green Tea,Tea,2,2.75,5.5,Cash,5,2025-08-01 14:55:00.974478
30,2025-08-24,12:51:00.974478,Ham & Cheese,Sandwich,1,6.5,6.5,Mobile Payment,5,2025-08-24 12:51:00.974478
31,2025-07-30,12:33:00.974478,Latte,Coffee,2,4.0,8.0,Card,3,2025-07-30 12:33:00.974478
32,2025-11-22,08:00:00.974478,Bagel,Bakery,1,2.5,2.5,Cash,5,2025-11-22 08:00:00.974478
33,2025-11-16,00:09:00.974478,Black Tea,Tea,1,2.5,2.5,Card,4,2025-11-16 00:09:00.974478
34,2025-09-20,07:16:00.974478,Muffin,Bakery,1,2.75,2.75,Mobile Payment,4,2025-09-20 07:16:00.974478
35,2026-01-09,09:37:00.974478,Ham & Cheese,Sandwich,1,6.5,6.5,Card,5,2026-01-09 09:37:00.974478
36,2025-10-22,15:25:00.974478,Green Tea,Tea,1,2.75,2.75,Card,4,2025-10-22 15:25:00.974478
37,2025-12-15,08:57:00.974478,Latte,Coffee,1,4.0,4.0,Cash,5,2025-12-15 08:57:00.974478
38,2025-12-05,05:45:00.974478,Croissant,Bakery,1,3.5,3.5,Mobile Payment,4,2025-12-05 05:45:00.974478
39,2025-07-24,07:57:00.974478,Green Tea,Tea,1,2.75,2.75,Mobile Payment,4,2025-07-24 07:57:00.974478
40,2025-10-01,11:15:00.974478,Chai Latte,Tea,1,4.25,4.25,Card,5,2025-10-01 11:15:00.974478
41,2025-10-28,08:54:00.974478,Latte,Coffee,1,4.0,4.0,Cash,5,2025-10-28 08:54:00.974478
42,2025-12-30,07:37:00.974478,Veggie Wrap,Sandwich,2,7.0,14.0,Card,4,2025-12-30 07:37:00.974478
43,2025-11-27,04:12:00.974478,Americano,Coffee,1,3.0,3.0,Cash,1,2025-11-27 04:12:00.974478
44,2025-12-16,09:04:00.974478,Latte,Coffee,1,4.0,4.0,Cash,4,2025-12-16 09:04:00.974478
45,2025-11-01,11:39:00.974478,Herbal Tea,Tea,1,3.0,3.0,Mobile Payment,3,2025-11-01 11:39:00.974478
46,2025-11-27,08:13:00.974478,Black Tea,Tea,1,2.5,2.5,Mobile Payment,5,2025-11-27 08:13:00.974478
47,2025-12-19,08:51:00.974478,Turkey Club,Sandwich,1,7.5,7.5,Cash,5,2025-12-19 08:51:00.974478
48,2025-07-30,09:18:00.974478,Black Tea,Tea,1,2.5,2.5,Card,5,2025-07-30 09:18:00.974478
49,2025-08-10,13:24:00.974478,Croissant,Bakery,1,3.5,3.5,Card,4,2025-08-10 13:24:00.974478
50,2025-08-17,11:08:00.974478,Herbal Tea,Tea,2,3.0,6.0,Mobile Payment,5,2025-08-17 11:08:00.974478
51,2025-08-09,11:48:00.974478,Turkey Club,Sandwich,1,7.5,7.5,Card,5,2025-08-09 11:48:00.974478
52,2025-10-15,10:54:00.974478,Mocha,Coffee,1,4.5,4.5,Card,5,2025-10-15 10:54:00.974478
53,2025-07-19,00:54:00.974478,Mocha,Coffee,1,4.5,4.5,Card,5,2025-07-19 00:54:00.974478
54,2025-08-13,11:51:00.974478,Ham & Cheese,Sandwich,1,6.5,6.5,Cash,4,2025-08-13 11:51:00.974478
55,2025-07-26,08:05:00.974478,Cappuccino,Coffee,1,3.75,3.75,Cash,5,2025-07-26 08:05:00.974478
56,2025-09-01,11:52:00.974478,Turkey Club,Sandwich,1,7.5,7.5,Card,4,2025-09-01 11:52:00.974478
57,2025-09-17,08:51:00.974478,Muffin,Bakery,1,2.75,2.75,Mobile Payment,4,2025-09-17 08:51:00.974478
58,2026-01-08,13:06:00.974478,Turkey Club,Sandwich,1,7.5,7.5,Cash,5,2026-01-08 13:06:00.974478
59,2025-12-15,10:42:00.974478,Mocha,Coffee,1,4.5,4.5,Card,5,2025-12-15 10:42:00.974478
60,2025-12-22,08:39:00.974478,Herbal Tea,Tea,1,3.0,3.0,Cash,4,2025-12-22 08:39:00.974478
61,2025-08-27,14:23:00.974478,Bagel,Bakery,3,2.5,7.5,Mobile Payment,4,2025-08-27 14:23:00.974478
62,2025-10-14,01:04:00.974478,Bagel,Bakery,2,2.5,5.0,Card,5,2025-10-14 01:04:00.974478
63,2026-01-03,15:47:00.974478,Muffin,Bakery,2,2.75,5.5,Card,4,2026-01-03 15:47:00.974478
64,2025-07-19,12:55:00.974478,Muffin,Bakery,1,2.75,2.75,Card,5,2025-07-19 12:55:00.974478
65,2025-12-21,14:39:00.974478,Mocha,Coffee,1,4.5,4.5,Card,3,2025-12-21 14:39:00.974478
66,2025-07-28,10:04:00.974478,Veggie Wrap,Sandwich,3,7.0,21.0,Card,5,2025-07-28 10:04:00.974478
67,2025-11-14,13:38:00.974478,Latte,Coffee,1,4.0,4.0,Cash,5,2025-11-14 13:38:00.974478
68,2025-11-12,08:48:00.974478,Cappuccino,Coffee,1,3.75,3.75,Cash,5,2025-11-12 08:48:00.974478
69,2025-11-23,12:36:00.974478,Black Tea,Tea,2,2.5,5.0,Card,5,2025-11-23 12:36:00.974478
70,2025-10-12,12:25:00.974478,Green Tea,Tea,1,2.75,2.75,Cash,5,2025-10-12 12:25:00.974478
71,2025-11-01,13:57:00.974478,Scone,Bakery,1,3.0,3.0,Card,3,2025-11-01 13:57:00.974478
72,2025-11-09,10:50:00.974478,Mocha,Coffee,1,4.5,4.5,Card,5,2025-11-09 10:50:00.974478
73,2025-11-26,08:58:00.974478,Black Tea,Tea,1,2.5,2.5,Card,2,2025-11-26 08:58:00.974478
74,2025-10-01,12:26:00.974478,Veggie Wrap,Sandwich,1,7.0,7.0,Card,5,2025-10-01 12:26:00.974478
75,2025-11-19,11:16:00.974478,Bagel,Bakery,1,2.5,2.5,Cash,3,2025-11-19 11:16:00.974478
76,2025-10-15,05:50:00.974478,Latte,Coffee,1,4.0,4.0,Card,5,2025-10-15 05:50:00.974478
77,2025-10-24,11:34:00.974478,Veggie Wrap,Sandwich,3,7.0,21.0,Card,4,2025-10-24 11:34:00.974478
78,2025-08-08,12:12:00.974478,Turkey Club,Sandwich,1,7.5,7.5,Card,3,2025-08-08 12:12:00.974478
79,2025-10-19,02:17:00.974478,Latte,Coffee,3,4.0,12.0,Cash,5,2025-10-19 02:17:00.974478
80,2026-01-06,09:23:00.974478,Scone,Bakery,1,3.0,3.0,Card,4,2026-01-06 09:23:00.974478
81,2025-10-25,10:55:00.974478,Ham & Cheese,Sandwich,1,6.5,6.5,Cash,4,2025-10-25 10:55:00.974478
82,2026-01-10,14:06:00.974478,Croissant,Bakery,1,3.5,3.5,Card,5,2026-01-10 14:06:00.974478
83,2025-09-21,09:48:00.974478,Croissant,Bakery,1,3.5,3.5,Card,5,2025-09-21 09:48:00.974478
84,2025-12-24,01:37:00.974478,Chai Latte,Tea,1,4.25,4.25,Card,2,2025-12-24 01:37:00.974478
85,2025-11-06,12:26:00.974478,Croissant,Bakery,1,3.5,3.5,Card,3,2025-11-06 12:26:00.974478
86,2025-11-10,09:19:00.974478,Turkey Club,Sandwich,1,7.5,7.5,Card,4,2025-11-10 09:19:00.974478
87,2025-12-22,09:21:00.974478,Latte,Coffee,1,4.0,4.0,Cash,2,2025-12-22 09:21:00.974478
88,2026-01-13,08:50:00.974478,Bagel,Bakery,1,2.5,2.5,Card,5,2026-01-13 08:50:00.974478
89,2025-10-09,11:01:00.974478,Mocha,Coffee,1,4.5,4.5,Card,5,2025-10-09 11:01:00.974478
90,2025-12-28,02:41:00.974478,Veggie Wrap,Sandwich,1,7.0,7.0,Mobile Payment,5,2025-12-28 02:41:00.974478
91,2025-11-04,08:27:00.974478,Scone,Bakery,1,3.0,3.0,Card,5,2025-11-04 08:27:00.974478
92,2025-11-21,14:30:00.974478,Latte,Coffee,1,4.0,4.0,Mobile Payment,5,2025-11-21 14:30:00.974478
93,2025-10-08,07:44:00.974478,Herbal Tea,Tea,1,3.0,3.0,Card,1,2025-10-08 07:44:00.974478
94,2025-08-09,07:17:00.974478,Ham & Cheese,Sandwich,1,6.5,6.5,Card,4,2025-08-09 07:17:00.974478
95,2025-09-07,12:34:00.974478,Herbal Tea,Tea,1,3.0,3.0,Cash,4,2025-09-07 12:34:00.974478
96,2025-11-19,07:19:00.974478,Turkey Club,Sandwich,1,7.5,7.5,Cash,5,2025-11-19 07:19:00.974478
97,2025-12-13,11:47:00.974478,Espresso,Coffee,2,2.5,5.0,Card,4,2025-12-13 11:47:00.974478
98,2025-11-22,11:29:00.974478,Black Tea,Tea,2,2.5,5.0,Mobile Payment,4,2025-11-22 11:29:00.974478
99,2025-12-08,08:52:00.974478,Bagel,Bakery,1,2.5,2.5,Card,5,2025-12-08 08:52:00.974478
100,2025-10-20,12:01:00.974478,Ham & Cheese,Sandwich,1,6.5,6.5,Cash,5,2025-10-20 12:01:00.974478
101,2025-09-27,07:18:00.974478,Turkey Club,Sandwich,2,7.5,15.0,Card,5,2025-09-27 07:18:00.974478
102,2025-10-30,08:58:00.974478,Espresso,Coffee,2,2.5,5.0,Card,1,2025-10-30 08:58:00.974478
103,2026-01-04,13:56:00.974478,Croissant,Bakery,1,3.5,3.5,Card,5,2026-01-04 13:56:00.974478
104,2025-11-25,14:45:00.974478,Black Tea,Tea,1,2.5,2.5,Cash,4,2025-11-25 14:45:00.974478
105,2025-08-25,08:28:00.974478,Veggie Wrap,Sandwich,1,7.0,7.0,Cash,5,2025-08-25 08:28:00.974478
106,2025-12-26,12:32:00.974478,Green Tea,Tea,1,2.75,2.75,Card,4,2025-12-26 12:32:00.974478
107,2025-12-16,06:20:00.974478,Chai Latte,Tea,1,4.25,4.25,Card,5,2025-12-16 06:20:00.974478
108,2025-08-31,08:43:00.974478,Cappuccino,Coffee,1,3.75,3.75,Card,5,2025-08-31 08:43:00.974478
109,2025-08-13,10:20:00.974478,Espresso,Coffee,1,2.5,2.5,Card,5,2025-08-13 10:20:00.974478
110,2025-09-23,07:22:00.974478,Latte,Coffee,2,4.0,8.0,Cash,3,2025-09-23 07:22:00.974478
111,2025-09-16,07:20:00.974478,Turkey Club,Sandwich,3,7.5,22.5,Card,4,2025-09-16 07:20:00.974478
112,2025-11-27,12:08:00.974478,Green Tea,Tea,2,2.75,5.5,Mobile Payment,5,2025-11-27 12:08:00.974478
113,2025-10-02,08:47:00.974478,Ham & Cheese,Sandwich,1,6.5,6.5,Cash,5,2025-10-02 08:47:00.974478
114,2025-09-13,09:07:00.974478,Herbal Tea,Tea,2,3.0,6.0,Card,4,2025-09-13 09:07:00.974478
115,2025-08-25,01:09:00.974478,Latte,Coffee,1,4.0,4.0,Card,3,2025-08-25 01:09:00.974478
116,2025-07-22,07:03:00.974478,Chai Latte,Tea,1,4.25,4.25,Cash,5,2025-07-22 07:03:00.974478
117,2026-01-06,14:47:00.974478,Scone,Bakery,1,3.0,3.0,Card,5,2026-01-06 14:47:00.974478
118,2026-01-08,08:38:00.974478,Cappuccino,Coffee,3,3.75,11.25,Card,5,2026-01-08 08:38:00.974478
119,2025-12-07,04:20:00.974478,Scone,Bakery,2,3.0,6.0,Card,5,2025-12-07 04:20:00.974478
120,2025-09-30,07:36:00.974478,Turkey Club,Sandwich,1,7.5,7.5,Mobile Payment,5,2025-09-30 07:36:00.974478
121,2025-10-02,10:35:00.974478,Green Tea,Tea,1,2.75,2.75,Card,5,2025-10-02 10:35:00.974478
122,2025-10-13,10:29:00.974478,Turkey Club,Sandwich,2,7.5,15.0,Card,4,2025-10-13 10:29:00.974478
123,2025-11-10,14:02:00.974478,Ham & Cheese,Sandwich,2,6.5,13.0,Card,5,2025-11-10 14:02:00.974478
124,2025-12-05,08:56:00.974478,Herbal Tea,Tea,1,3.0,3.0,Card,4,2025-12-05 08:56:00.974478
125,2026-01-10,10:09:00.974478,Veggie Wrap,Sandwich,1,7.0,7.0,Mobile Payment,5,2026-01-10 10:09:00.974478
126,2025-12-12,11:06:00.974478,Latte,Coffee,1,4.0,4.0,Card,5,2025-12-12 11:06:00.974478
127,2025-12-12,11:28:00.974478,Espresso,Coffee,1,2.5,2.5,Mobile Payment,5,2025-12-12 11:28:00.974478
128,2025-11-10,14:10:00.974478,Bagel,Bakery,1,2.5,2.5,Cash,4,2025-11-10 14:10:00.974478
129,2025-10-23,14:18:00.974478,Espresso,Coffee,2,2.5,5.0,Card,2,2025-10-23 14:18:00.974478
130,2025-09-12,08:50:00.974478,Croissant,Bakery,2,3.5,7.0,Mobile Payment,4,2025-09-12 08:50:00.974478
131,2025-08-27,10:37:00.974478,Espresso,Coffee,1,2.5,2.5,Mobile Payment,5,2025-08-27 10:37:00.974478
132,2025-08-08,12:39:00.974478,Americano,Coffee,1,3.0,3.0,Card,4,2025-08-08 12:39:00.974478
133,2025-11-11,05:35:00.974478,Herbal Tea,Tea,2,3.0,6.0,Cash,5,2025-11-11 05:35:00.974478
134,2025-09-30,17:28:00.974478,Herbal Tea,Tea,1,3.0,3.0,Cash,5,2025-09-30 17:28:00.974478
135,2025-07-23,12:28:00.974478,Veggie Wrap,Sandwich,1,7.0,7.0,Card,3,2025-07-23 12:28:00.974478
136,2025-08-16,14:14:00.974478,Turkey Club,Sandwich,1,7.5,7.5,Card,5,2025-08-16 14:14:00.974478
137,2025-10-28,10:59:00.974478,Scone,Bakery,1,3.0,3.0,Card,5,2025-10-28 10:59:00.974478
138,2025-12-11,09:32:00.974478,Chai Latte,Tea,1,4.25,4.25,Card,5,2025-12-11 09:32:00.974478
139,2025-09-07,10:56:00.974478,Muffin,Bakery,1,2.75,2.75,Mobile Payment,4,2025-09-07 10:56:00.974478
140,2025-09-09,07:37:00.974478,Black Tea,Tea,1,2.5,2.5,Cash,5,2025-09-09 07:37:00.974478
141,2025-11-09,11:43:00.974478,Green Tea,Tea,1,2.75,2.75,Card,1,2025-11-09 11:43:00.974478
142,2025-09-16,08:19:00.974478,Turkey Club,Sandwich,1,7.5,7.5,Card,4,2025-09-16 08:19:00.974478
143,2025-11-04,13:15:00.974478,Green Tea,Tea,1,2.75,2.75,Card,5,2025-11-04 13:15:00.974478
144,2025-10-20,09:14:00.974478,Black Tea,Tea,1,2.5,2.5,Mobile Payment,5,2025-10-20 09:14:00.974478
145,2025-07-23,07:34:00.974478,Croissant,Bakery,2,3.5,7.0,Card,4,2025-07-23 07:34:00.974478
146,2025-10-10,09:04:00.974478,Croissant,Bakery,3,3.5,10.5,Card,4,2025-10-10 09:04:00.974478
147,2025-11-19,11:36:00.974478,Veggie Wrap,Sandwich,1,7.0,7.0,Card,3,2025-11-19 11:36:00.974478
148,2025-08-26,07:29:00.974478,Black Tea,Tea,1,2.5,2.5,Card,5,2025-08-26 07:29:00.974478
149,2025-08-26,07:24:00.974478,Muffin,Bakery,1,2.75,2.75,Mobile Payment,4,2025-08-26 07:24:00.974478
150,2025-09-30,11:09:00.974478,Muffin,Bakery,1,2.75,2.75,Card,2,2025-09-30 11:09:00.974478
151,2025-10-02,07:10:00.974478,Veggie Wrap,Sandwich,1,7.0,7.0,Card,3,2025-10-02 07:10:00.974478
152,2025-11-30,07:15:00.974478,Chai Latte,Tea,1,4.25,4.25,Card,4,2025-11-30 07:15:00.974478
153,2025-10-29,09:09:00.974478,Croissant,Bakery,1,3.5,3.5,Card,5,2025-10-29 09:09:00.974478
154,2025-11-20,10:23:00.974478,Bagel,Bakery,1,2.5,2.5,Mobile Payment,5,2025-11-20 10:23:00.974478
155,2025-11-07,06:05:00.974478,Scone,Bakery,1,3.0,3.0,Cash,5,2025-11-07 06:05:00.974478
156,2025-12-18,07:03:00.974478,Mocha,Coffee,1,4.5,4.5,Card,4,2025-12-18 07:03:00.974478
157,2025-12-08,10:29:00.974478,Mocha,Coffee,1,4.5,4.5,Card,5,2025-12-08 10:29:00.974478
158,2025-12-23,03:45:00.974478,Ham & Cheese,Sandwich,1,6.5,6.5,Cash,5,2025-12-23 03:45:00.974478
159,2025-11-23,09:03:00.974478,Latte,Coffee,1,4.0,4.0,Card,4,2025-11-23 09:03:00.974478
160,2025-11-26,09:39:00.974478,Mocha,Coffee,1,4.5,4.5,Card,4,2025-11-26 09:39:00.974478
161,2025-10-11,02:00:00.974478,Green Tea,Tea,1,2.75,2.75,Card,4,2025-10-11 02:00:00.974478
162,2025-08-27,07:47:00.974478,Bagel,Bakery,2,2.5,5.0,Card,5,2025-08-27 07:47:00.974478
163,2025-07-19,12:15:00.974478,Latte,Coffee,1,4.0,4.0,Card,5,2025-07-19 12:15:00.974478
164,2025-09-08,10:57:00.974478,Black Tea,Tea,1,2.5,2.5,Card,3,2025-09-08 10:57:00.974478
165,2025-12-26,08:41:00.974478,Black Tea,Tea,1,2.5,2.5,Cash,5,2025-12-26 08:41:00.974478
166,2025-12-21,08:58:00.974478,Americano,Coffee,3,3.0,9.0,Cash,4,2025-12-21 08:58:00.974478
167,2025-08-25,07:14:00.974478,Black Tea,Tea,1,2.5,2.5,Card,4,2025-08-25 07:14:00.974478
168,2025-12-11,07:24:00.974478,Green Tea,Tea,1,2.75,2.75,Card,5,2025-12-11 07:24:00.974478
169,2025-11-28,07:38:00.974478,Black Tea,Tea,1,2.5,2.5,Card,5,2025-11-28 07:38:00.974478
170,2025-08-06,07:05:00.974478,Cappuccino,Coffee,1,3.75,3.75,Mobile Payment,5,2025-08-06 07:05:00.974478
171,2025-10-16,12:06:00.974478,Mocha,Coffee,1,4.5,4.5,Card,5,2025-10-16 12:06:00.974478
172,2025-12-05,14:25:00.974478,Black Tea,Tea,1,2.5,2.5,Card,4,2025-12-05 14:25:00.974478
173,2025-10-08,11:32:00.974478,Ham & Cheese,Sandwich,1,6.5,6.5,Card,4,2025-10-08 11:32:00.974478
174,2025-08-02,09:27:00.974478,Herbal Tea,Tea,1,3.0,3.0,Card,5,2025-08-02 09:27:00.974478
175,2025-12-08,08:28:00.974478,Americano,Coffee,1,3.0,3.0,Card,4,2025-12-08 08:28:00.974478
176,2025-08-02,09:57:00.974478,Herbal Tea,Tea,1,3.0,3.0,Card,3,2025-08-02 09:57:00.974478
177,2025-08-19,06:23:00.974478,Americano,Coffee,3,3.0,9.0,Card,5,2025-08-19 06:23:00.974478
178,2025-08-18,08:56:00.974478,Americano,Coffee,1,3.0,3.0,Cash,5,2025-08-18 08:56:00.974478
179,2025-09-15,09:11:00.974478,Scone,Bakery,1,3.0,3.0,Card,5,2025-09-15 09:11:00.974478
180,2025-12-29,12:23:00.974478,Ham & Cheese,Sandwich,3,6.5,19.5,Card,5,2025-12-29 12:23:00.974478
181,2025-08-10,14:10:00.974478,Americano,Coffee,1,3.0,3.0,Card,5,2025-08-10 14:10:00.974478
182,2025-10-20,10:44:00.974478,Scone,Bakery,2,3.0,6.0,Card,5,2025-10-20 10:44:00.974478
183,2025-12-27,07:20:00.974478,Mocha,Coffee,1,4.5,4.5,Card,5,2025-12-27 07:20:00.974478
184,2025-10-13,11:39:00.974478,Veggie Wrap,Sandwich,1,7.0,7.0,Card,5,2025-10-13 11:39:00.974478
185,2025-11-30,08:48:00.974478,Herbal Tea,Tea,2,3.0,6.0,Card,4,2025-11-30 08:48:00.974478
186,2025-08-07,09:18:00.974478,Veggie Wrap,Sandwich,1,7.0,7.0,Cash,5,2025-08-07 09:18:00.974478
187,2025-10-19,08:50:00.974478,Muffin,Bakery,2,2.75,5.5,Card,5,2025-10-19 08:50:00.974478
188,2025-11-06,13:12:00.974478,Black Tea,Tea,1,2.5,2.5,Card,5,2025-11-06 13:12:00.974478
189,2025-09-27,10:17:00.974478,Chai Latte,Tea,1,4.25,4.25,Card,5,2025-09-27 10:17:00.974478
190,2025-08-10,10:20:00.974478,Turkey Club,Sandwich,1,7.5,7.5,Mobile Payment,5,2025-08-10 10:20:00.974478
191,2026-01-12,07:35:00.974478,Cappuccino,Coffee,1,3.75,3.75,Card,5,2026-01-12 07:35:00.974478
192,2025-10-19,03:43:00.974478,Scone,Bakery,1,3.0,3.0,Cash,5,2025-10-19 03:43:00.974478
193,2025-12-11,08:42:00.974478,Espresso,Coffee,2,2.5,5.0,Card,5,2025-12-11 08:42:00.974478
194,2025-12-30,07:17:00.974478,Ham & Cheese,Sandwich,1,6.5,6.5,Cash,3,2025-12-30 07:17:00.974478
195,2025-09-14,08:31:00.974478,Turkey Club,Sandwich,1,7.5,7.5,Cash,5,2025-09-14 08:31:00.974478
196,2026-01-03,11:54:00.974478,Ham & Cheese,Sandwich,1,6.5,6.5,Card,4,2026-01-03 11:54:00.974478
197,2025-10-21,07:41:00.974478,Muffin,Bakery,2,2.75,5.5,Card,4,2025-10-21 07:41:00.974478
198,2025-09-06,09:23:00.974478,Chai Latte,Tea,2,4.25,8.5,Card,5,2025-09-06 09:23:00.974478
199,2025-12-17,09:40:00.974478,Ham & Cheese,Sandwich,1,6.5,6.5,Card,5,2025-12-17 09:40:00.974478
200,2025-09-11,14:04:00.974478,Veggie Wrap,Sandwich,1,7.0,7.0,Cash,5,2025-09-11 14:04:00.974478
201,2025-12-14,11:56:00.974478,Mocha,Coffee,1,4.5,4.5,Card,5,2025-12-14 11:56:00.974478
202,2026-01-02,09:49:00.974478,Black Tea,Tea,1,2.5,2.5,Mobile Payment,5,2026-01-02 09:49:00.974478
203,2025-07-22,09:24:00.974478,Latte,Coffee,1,4.0,4.0,Mobile Payment,5,2025-07-22 09:24:00.974478
204,2026-01-14,07:20:00.974478,Croissant,Bakery,2,3.5,7.0,Mobile Payment,5,2026-01-14 07:20:00.974478
205,2025-10-25,10:34:00.974478,Cappuccino,Coffee,1,3.75,3.75,Card,4,2025-10-25 10:34:00.974478
206,2025-10-31,12:10:00.974478,Muffin,Bakery,1,2.75,2.75,Card,4,2025-10-31 12:10:00.974478
207,2025-11-06,09:39:00.974478,Turkey Club,Sandwich,2,7.5,15.0,Card,4,2025-11-06 09:39:00.974478
208,2025-12-22,11:35:00.974478,Veggie Wrap,Sandwich,1,7.0,7.0,Card,4,2025-12-22 11:35:00.974478
209,2025-09-20,07:50:00.974478,Americano,Coffee,1,3.0,3.0,Card,4,2025-09-20 07:50:00.974478
210,2025-11-07,13:45:00.974478,Latte,Coffee,1,4.0,4.0,Card,5,2025-11-07 13:45:00.974478
211,2025-08-19,01:16:00.974478,Herbal Tea,Tea,1,3.0,3.0,Card,5,2025-08-19 01:16:00.974478
212,2025-07-25,07:25:00.974478,Espresso,Coffee,1,2.5,2.5,Card,5,2025-07-25 07:25:00.974478
213,2025-10-15,09:15:00.974478,Espresso,Coffee,1,2.5,2.5,Card,5,2025-10-15 09:15:00.974478
214,2026-01-12,08:16:00.974478,Turkey Club,Sandwich,2,7.5,15.0,Card,4,2026-01-12 08:16:00.974478
215,2025-09-29,03:39:00.974478,Scone,Bakery,1,3.0,3.0,Card,3,2025-09-29 03:39:00.974478
216,2025-07-31,12:56:00.974478,Bagel,Bakery,1,2.5,2.5,Card,4,2025-07-31 12:56:00.974478
217,2025-10-14,09:12:00.974478,Cappuccino,Coffee,1,3.75,3.75,Card,4,2025-10-14 09:12:00.974478
218,2025-12-24,12:29:00.974478,Espresso,Coffee,2,2.5,5.0,Card,4,2025-12-24 12:29:00.974478
219,2025-07-21,11:15:00.974478,Scone,Bakery,1,3.0,3.0,Card,4,2025-07-21 11:15:00.974478
220,2025-12-02,11:02:00.974478,Muffin,Bakery,1,2.75,2.75,Card,4,2025-12-02 11:02:00.974478
221,2025-11-02,08:00:00.974478,Herbal Tea,Tea,1,3.0,3.0,Card,3,2025-11-02 08:00:00.974478
222,2025-11-27,12:58:00.974478,Herbal Tea,Tea,1,3.0,3.0,Cash,4,2025-11-27 12:58:00.974478
223,2025-11-28,07:59:00.974478,Croissant,Bakery,1,3.5,3.5,Cash,5,2025-11-28 07:59:00.974478
224,2026-01-15,12:43:00.974478,Turkey Club,Sandwich,1,7.5,7.5,Cash,4,2026-01-15 12:43:00.974478
225,2025-12-05,08:00:00.974478,Herbal Tea,Tea,2,3.0,6.0,Card,3,2025-12-05 08:00:00.974478
226,2025-11-25,08:29:00.974478,Americano,Coffee,1,3.0,3.0,Card,5,2025-11-25 08:29:00.974478
227,2025-08-06,09:01:00.974478,Black Tea,Tea,2,2.5,5.0,Cash,4,2025-08-06 09:01:00.974478
228,2025-10-01,08:33:00.974478,Green Tea,Tea,1,2.75,2.75,Card,4,2025-10-01 08:33:00.974478
229,2025-11-10,10:20:00.974478,Cappuccino,Coffee,1,3.75,3.75,Card,4,2025-11-10 10:20:00.974478
230,2025-12-16,08:07:00.974478,Espresso,Coffee,2,2.5,5.0,Cash,3,2025-12-16 08:07:00.974478
231,2025-11-03,13:35:00.974478,Turkey Club,Sandwich,1,7.5,7.5,Mobile Payment,5,2025-11-03 13:35:00.974478
232,2025-12-07,09:32:00.974478,Green Tea,Tea,1,2.75,2.75,Card,5,2025-12-07 09:32:00.974478
233,2025-09-24,11:00:00.974478,Black Tea,Tea,1,2.5,2.5,Card,5,2025-09-24 11:00:00.974478
234,2026-01-01,16:31:00.974478,Green Tea,Tea,1,2.75,2.75,Card,4,2026-01-01 16:31:00.974478
235,2025-09-08,01:05:00.974478,Muffin,Bakery,2,2.75,5.5,Card,5,2025-09-08 01:05:00.974478
236,2025-09-22,08:03:00.974478,Mocha,Coffee,1,4.5,4.5,Cash,5,2025-09-22 08:03:00.974478
237,2025-11-22,07:25:00.974478,Muffin,Bakery,1,2.75,2.75,Card,5,2025-11-22 07:25:00.974478
238,2025-07-26,13:32:00.974478,Americano,Coffee,1,3.0,3.0,Cash,5,2025-07-26 13:32:00.974478
239,2026-01-11,07:39:00.974478,Turkey Club,Sandwich,2,7.5,15.0,Card,4,2026-01-11 07:39:00.974478
240,2025-07-21,09:23:00.974478,Americano,Coffee,1,3.0,3.0,Card,5,2025-07-21 09:23:00.974478
241,2025-08-16,07:31:00.974478,Herbal Tea,Tea,1,3.0,3.0,Card,4,2025-08-16 07:31:00.974478
242,2025-08-08,08:15:00.974478,Ham & Cheese,Sandwich,1,6.5,6.5,Cash,4,2025-08-08 08:15:00.974478
243,2025-10-26,10:53:00.974478,Bagel,Bakery,1,2.5,2.5,Cash,5,2025-10-26 10:53:00.974478
244,2025-12-19,11:59:00.974478,Americano,Coffee,1,3.0,3.0,Card,4,2025-12-19 11:59:00.974478
245,2026-01-08,10:41:00.974478,Mocha,Coffee,1,4.5,4.5,Card,5,2026-01-08 10:41:00.974478
246,2025-10-25,08:32:00.974478,Croissant,Bakery,1,3.5,3.5,Card,3,2025-10-25 08:32:00.974478
247,2025-11-16,11:21:00.974478,Espresso,Coffee,1,2.5,2.5,Cash,4,2025-11-16 11:21:00.974478
248,2025-10-06,08:42:00.974478,Croissant,Bakery,2,3.5,7.0,Cash,5,2025-10-06 08:42:00.974478
249,2025-11-25,08:49:00.974478,Croissant,Bakery,1,3.5,3.5,Card,3,2025-11-25 08:49:00.974478
250,2025-12-20,14:56:00.974478,Green Tea,Tea,1,2.75,2.75,Mobile Payment,4,2025-12-20 14:56:00.974478
251,2026-01-09,07:51:00.974478,Americano,Coffee,1,3.0,3.0,Mobile Payment,5,2026-01-09 07:51:00.974478
252,2025-08-28,12:16:00.974478,Green Tea,Tea,1,2.75,2.75,Cash,5,2025-08-28 12:16:00.974478
253,2025-09-05,08:15:00.974478,Americano,Coffee,1,3.0,3.0,Card,5,2025-09-05 08:15:00.974478
254,2025-09-14,14:52:00.974478,Chai Latte,Tea,1,4.25,4.25,Cash,5,2025-09-14 14:52:00.974478
255,2025-07-31,07:59:00.974478,Turkey Club,Sandwich,1,7.5,7.5,Mobile Payment,2,2025-07-31 07:59:00.974478
256,2025-11-12,11:09:00.974478,Croissant,Bakery,1,3.5,3.5,Mobile Payment,5,2025-11-12 11:09:00.974478
257,2025-12-02,14:51:00.974478,Bagel,Bakery,1,2.5,2.5,Mobile Payment,5,2025-12-02 14:51:00.974478
258,2025-11-29,08:32:00.974478,Bagel,Bakery,2,2.5,5.0,Card,5,2025-11-29 08:32:00.974478
259,2025-09-23,08:29:00.974478,Chai Latte,Tea,1,4.25,4.25,Card,5,2025-09-23 08:29:00.974478
260,2025-09-28,08:44:00.974478,Chai Latte,Tea,1,4.25,4.25,Card,4,2025-09-28 08:44:00.974478
261,2025-12-09,10:32:00.974478,Muffin,Bakery,1,2.75,2.75,Card,5,2025-12-09 10:32:00.974478
262,2026-01-05,13:06:00.974478,Espresso,Coffee,1,2.5,2.5,Card,2,2026-01-05 13:06:00.974478
263,2025-10-17,13:21:00.974478,Latte,Coffee,1,4.0,4.0,Mobile Payment,5,2025-10-17 13:21:00.974478
264,2025-11-03,14:44:00.974478,Herbal Tea,Tea,1,3.0,3.0,Mobile Payment,4,2025-11-03 14:44:00.974478
265,2025-08-16,11:18:00.974478,Mocha,Coffee,1,4.5,4.5,Card,5,2025-08-16 11:18:00.974478
266,2025-11-27,13:28:00.974478,Bagel,Bakery,3,2.5,7.5,Cash,4,2025-11-27 13:28:00.974478
267,2025-12-17,09:41:00.974478,Ham & Cheese,Sandwich,1,6.5,6.5,Card,3,2025-12-17 09:41:00.974478
268,2025-10-04,08:10:00.974478,Cappuccino,Coffee,1,3.75,3.75,Card,4,2025-10-04 08:10:00.974478
269,2025-08-05,04:19:00.974478,Black Tea,Tea,1,2.5,2.5,Mobile Payment,4,2025-08-05 04:19:00.974478
270,2025-09-09,08:46:00.974478,Americano,Coffee,1,3.0,3.0,Card,5,2025-09-09 08:46:00.974478
271,2025-08-17,12:36:00.974478,Latte,Coffee,1,4.0,4.0,Card,5,2025-08-17 12:36:00.974478
272,2025-07-29,14:56:00.974478,Bagel,Bakery,1,2.5,2.5,Cash,4,2025-07-29 14:56:00.974478
273,2025-09-04,17:09:00.974478,Latte,Coffee,1,4.0,4.0,Mobile Payment,5,2025-09-04 17:09:00.974478
274,2025-12-04,10:54:00.974478,Ham & Cheese,Sandwich,1,6.5,6.5,Card,4,2025-12-04 10:54:00.974478
275,2025-12-05,08:37:00.974478,Veggie Wrap,Sandwich,1,7.0,7.0,Cash,4,2025-12-05 08:37:00.974478
276,2026-01-01,06:44:00.974478,Green Tea,Tea,3,2.75,8.25,Mobile Payment,5,2026-01-01 06:44:00.974478
277,2026-01-07,17:03:00.974478,Americano,Coffee,1,3.0,3.0,Card,5,2026-01-07 17:03:00.974478
278,2025-11-10,11:42:00.974478,Croissant,Bakery,1,3.5,3.5,Cash,4,2025-11-10 11:42:00.974478
279,2025-11-13,08:53:00.974478,Muffin,Bakery,1,2.75,2.75,Card,5,2025-11-13 08:53:00.974478
280,2025-09-19,07:20:00.974478,Americano,Coffee,2,3.0,6.0,Card,3,2025-09-19 07:20:00.974478
281,2025-11-23,13:12:00.974478,Mocha,Coffee,3,4.5,13.5,Mobile Payment,5,2025-11-23 13:12:00.974478
282,2025-08-15,11:25:00.974478,Black Tea,Tea,1,2.5,2.5,Card,4,2025-08-15 11:25:00.974478
283,2025-12-25,08:12:00.974478,Scone,Bakery,1,3.0,3.0,Cash,4,2025-12-25 08:12:00.974478
284,2025-09-12,07:53:00.974478,Bagel,Bakery,1,2.5,2.5,Cash,3,2025-09-12 07:53:00.974478
285,2025-09-13,12:46:00.974478,Veggie Wrap,Sandwich,1,7.0,7.0,Card,5,2025-09-13 12:46:00.974478
286,2025-10-03,12:08:00.974478,Black Tea,Tea,1,2.5,2.5,Cash,5,2025-10-03 12:08:00.974478
287,2025-10-14,08:05:00.974478,Turkey Club,Sandwich,2,7.5,15.0,Cash,5,2025-10-14 08:05:00.974478
288,2025-11-07,12:17:00.974478,Americano,Coffee,2,3.0,6.0,Cash,5,2025-11-07 12:17:00.974478
289,2025-08-08,11:56:00.974478,Green Tea,Tea,1,2.75,2.75,Cash,5,2025-08-08 11:56:00.974478
290,2026-01-04,07:28:00.974478,Black Tea,Tea,2,2.5,5.0,Mobile Payment,2,2026-01-04 07:28:00.974478
291,2025-11-09,12:49:00.974478,Latte,Coffee,1,4.0,4.0,Card,5,2025-11-09 12:49:00.974478
292,2025-11-26,07:39:00.974478,Turkey Club,Sandwich,2,7.5,15.0,Cash,5,2025-11-26 07:39:00.974478
293,2025-08-22,00:30:00.974478,Turkey Club,Sandwich,1,7.5,7.5,Cash,5,2025-08-22 00:30:00.974478
294,2025-11-17,10:42:00.974478,Espresso,Coffee,1,2.5,2.5,Cash,5,2025-11-17 10:42:00.974478
295,2026-01-02,12:54:00.974478,Scone,Bakery,1,3.0,3.0,Cash,5,2026-01-02 12:54:00.974478
296,2025-11-13,15:55:00.974478,Mocha,Coffee,1,4.5,4.5,Cash,5,2025-11-13 15:55:00.974478
297,2025-10-06,07:40:00.974478,Americano,Coffee,2,3.0,6.0,Cash,3,2025-10-06 07:40:00.974478
298,2025-09-21,08:51:00.974478,Mocha,Coffee,1,4.5,4.5,Card,5,2025-09-21 08:51:00.974478
299,2025-09-09,08:13:00.974478,Turkey Club,Sandwich,1,7.5,7.5,Card,5,2025-09-09 08:13:00.974478
300,2025-08-07,15:21:00.974478,Mocha,Coffee,3,4.5,13.5,Cash,3,2025-08-07 15:21:00.974478
301,2025-09-17,11:19:00.974478,Croissant,Bakery,1,3.5,3.5,Card,4,2025-09-17 11:19:00.974478
302,2025-11-03,09:21:00.974478,Bagel,Bakery,1,2.5,2.5,Cash,4,2025-11-03 09:21:00.974478
303,2025-11-18,08:16:00.974478,Veggie Wrap,Sandwich,3,7.0,21.0,Card,4,2025-11-18 08:16:00.974478
304,2026-01-14,07:22:00.974478,Espresso,Coffee,1,2.5,2.5,Cash,4,2026-01-14 07:22:00.974478
305,2025-08-01,07:06:00.974478,Veggie Wrap,Sandwich,1,7.0,7.0,Cash,4,2025-08-01 07:06:00.974478
306,2025-10-22,14:53:00.974478,Americano,Coffee,1,3.0,3.0,Card,5,2025-10-22 14:53:00.974478
307,2025-12-22,09:01:00.974478,Herbal Tea,Tea,1,3.0,3.0,Card,4,2025-12-22 09:01:00.974478
308,2025-08-15,16:39:00.974478,Scone,Bakery,1,3.0,3.0,Mobile Payment,4,2025-08-15 16:39:00.974478
309,2025-07-24,08:34:00.974478,Americano,Coffee,1,3.0,3.0,Cash,4,2025-07-24 08:34:00.974478
310,2025-12-16,12:20:00.974478,Veggie Wrap,Sandwich,1,7.0,7.0,Mobile Payment,4,2025-12-16 12:20:00.974478
311,2025-11-11,13:26:00.974478,Muffin,Bakery,1,2.75,2.75,Cash,5,2025-11-11 13:26:00.974478
312,2026-01-09,11:31:00.974478,Croissant,Bakery,1,3.5,3.5,Card,2,2026-01-09 11:31:00.974478
313,2025-09-08,14:29:00.974478,Muffin,Bakery,1,2.75,2.75,Cash,4,2025-09-08 14:29:00.974478
314,2025-12-10,07:03:00.974478,Mocha,Coffee,1,4.5,4.5,Cash,4,2025-12-10 07:03:00.974478
315,2025-10-10,07:06:00.974478,Croissant,Bakery,1,3.5,3.5,Card,5,2025-10-10 07:06:00.974478
316,2025-10-07,08:34:00.974478,Bagel,Bakery,1,2.5,2.5,Card,4,2025-10-07 08:34:00.974478
317,2025-11-17,01:51:00.974478,Ham & Cheese,Sandwich,1,6.5,6.5,Card,4,2025-11-17 01:51:00.974478
318,2025-08-26,10:01:00.974478,Latte,Coffee,1,4.0,4.0,Cash,5,2025-08-26 10:01:00.974478
319,2025-11-01,12:11:00.974478,Turkey Club,Sandwich,1,7.5,7.5,Card,3,2025-11-01 12:11:00.974478
320,2025-12-24,08:29:00.974478,Muffin,Bakery,3,2.75,8.25,Card,4,2025-12-24 08:29:00.974478
321,2025-12-30,10:08:00.974478,Black Tea,Tea,1,2.5,2.5,Card,1,2025-12-30 10:08:00.974478
322,2025-11-16,08:35:00.974478,Latte,Coffee,1,4.0,4.0,Card,4,2025-11-16 08:35:00.974478
323,2025-11-02,03:23:00.974478,Mocha,Coffee,1,4.5,4.5,Card,3,2025-11-02 03:23:00.974478
324,2025-07-29,10:49:00.974478,Green Tea,Tea,1,2.75,2.75,Cash,4,2025-07-29 10:49:00.974478
325,2025-09-28,07:34:00.974478,Herbal Tea,Tea,1,3.0,3.0,Cash,5,2025-09-28 07:34:00.974478
326,2026-01-07,03:12:00.974478,Americano,Coffee,2,3.0,6.0,Card,5,2026-01-07 03:12:00.974478
327,2025-08-25,11:34:00.974478,Latte,Coffee,2,4.0,8.0,Cash,5,2025-08-25 11:34:00.974478
328,2025-09-26,08:49:00.974478,Croissant,Bakery,2,3.5,7.0,Card,5,2025-09-26 08:49:00.974478
329,2025-08-14,10:59:00.974478,Black Tea,Tea,2,2.5,5.0,Card,5,2025-08-14 10:59:00.974478
330,2025-08-01,09:47:00.974478,Bagel,Bakery,1,2.5,2.5,Card,3,2025-08-01 09:47:00.974478
331,2025-07-21,08:46:00.974478,Turkey Club,Sandwich,1,7.5,7.5,Mobile Payment,4,2025-07-21 08:46:00.974478
332,2025-08-05,15:02:00.974478,Espresso,Coffee,1,2.5,2.5,Card,5,2025-08-05 15:02:00.974478
333,2026-01-07,11:27:00.974478,Veggie Wrap,Sandwich,1,7.0,7.0,Card,5,2026-01-07 11:27:00.974478
334,2025-10-26,08:07:00.974478,Espresso,Coffee,3,2.5,7.5,Mobile Payment,5,2025-10-26 08:07:00.974478
335,2025-12-06,07:33:00.974478,Bagel,Bakery,1,2.5,2.5,Card,2,2025-12-06 07:33:00.974478
336,2025-09-08,08:40:00.974478,Black Tea,Tea,1,2.5,2.5,Mobile Payment,5,2025-09-08 08:40:00.974478
337,2025-09-17,11:03:00.974478,Muffin,Bakery,1,2.75,2.75,Card,4,2025-09-17 11:03:00.974478
338,2025-08-25,16:34:00.974478,Muffin,Bakery,1,2.75,2.75,Mobile Payment,5,2025-08-25 16:34:00.974478
339,2025-08-11,09:48:00.974478,Americano,Coffee,1,3.0,3.0,Card,5,2025-08-11 09:48:00.974478
340,2025-08-31,13:42:00.974478,Latte,Coffee,1,4.0,4.0,Card,5,2025-08-31 13:42:00.974478
341,2025-11-24,13:39:00.974478,Herbal Tea,Tea,1,3.0,3.0,Cash,5,2025-11-24 13:39:00.974478
342,2025-07-19,11:58:00.974478,Green Tea,Tea,1,2.75,2.75,Cash,5,2025-07-19 11:58:00.974478
343,2025-10-28,07:56:00.974478,Americano,Coffee,1,3.0,3.0,Mobile Payment,4,2025-10-28 07:56:00.974478
344,2025-12-27,12:16:00.974478,Black Tea,Tea,1,2.5,2.5,Card,5,2025-12-27 12:16:00.974478
345,2025-12-16,09:48:00.974478,Ham & Cheese,Sandwich,1,6.5,6.5,Card,5,2025-12-16 09:48:00.974478
346,2025-11-30,07:54:00.974478,Mocha,Coffee,1,4.5,4.5,Mobile Payment,4,2025-11-30 07:54:00.974478
347,2025-12-27,11:57:00.974478,Bagel,Bakery,1,2.5,2.5,Cash,3,2025-12-27 11:57:00.974478
348,2025-09-13,15:48:00.974478,Croissant,Bakery,1,3.5,3.5,Card,3,2025-09-13 15:48:00.974478
349,2025-09-10,07:41:00.974478,Ham & Cheese,Sandwich,1,6.5,6.5,Card,5,2025-09-10 07:41:00.974478
350,2025-08-04,09:51:00.974478,Croissant,Bakery,1,3.5,3.5,Cash,5,2025-08-04 09:51:00.974478
351,2025-12-08,07:08:00.974478,Croissant,Bakery,1,3.5,3.5,Card,5,2025-12-08 07:08:00.974478
352,2025-08-31,11:25:00.974478,Cappuccino,Coffee,1,3.75,3.75,Cash,5,2025-08-31 11:25:00.974478
353,2025-10-12,10:27:00.974478,Cappuccino,Coffee,2,3.75,7.5,Card,3,2025-10-12 10:27:00.974478
354,2025-11-13,08:27:00.974478,Green Tea,Tea,1,2.75,2.75,Card,5,2025-11-13 08:27:00.974478
355,2025-10-13,04:00:00.974478,Green Tea,Tea,1,2.75,2.75,Card,5,2025-10-13 04:00:00.974478
356,2025-08-25,08:40:00.974478,Chai Latte,Tea,1,4.25,4.25,Card,3,2025-08-25 08:40:00.974478
357,2025-08-30,16:59:00.974478,Cappuccino,Coffee,3,3.75,11.25,Card,5,2025-08-30 16:59:00.974478
358,2025-11-04,11:35:00.974478,Chai Latte,Tea,2,4.25,8.5,Card,5,2025-11-04 11:35:00.974478
359,2025-07-26,09:38:00.974478,Croissant,Bakery,1,3.5,3.5,Card,2,2025-07-26 09:38:00.974478
360,2025-09-12,08:28:00.974478,Americano,Coffee,1,3.0,3.0,Card,5,2025-09-12 08:28:00.974478
361,2025-10-12,15:10:00.974478,Mocha,Coffee,1,4.5,4.5,Cash,4,2025-10-12 15:10:00.974478
362,2025-11-07,13:46:00.974478,Veggie Wrap,Sandwich,1,7.0,7.0,Cash,5,2025-11-07 13:46:00.974478
363,2025-08-06,14:30:00.974478,Herbal Tea,Tea,1,3.0,3.0,Card,5,2025-08-06 14:30:00.974478
364,2025-10-12,13:20:00.974478,Scone,Bakery,1,3.0,3.0,Card,5,2025-10-12 13:20:00.974478
365,2025-11-07,11:19:00.974478,Black Tea,Tea,1,2.5,2.5,Card,5,2025-11-07 11:19:00.974478
366,2025-12-25,08:16:00.974478,Green Tea,Tea,1,2.75,2.75,Card,5,2025-12-25 08:16:00.974478
367,2025-08-11,17:59:00.974478,Americano,Coffee,1,3.0,3.0,Mobile Payment,4,2025-08-11 17:59:00.974478
368,2025-12-16,13:33:00.974478,Croissant,Bakery,1,3.5,3.5,Card,5,2025-12-16 13:33:00.974478
369,2025-12-13,13:30:00.974478,Ham & Cheese,Sandwich,1,6.5,6.5,Card,5,2025-12-13 13:30:00.974478
370,2025-12-07,12:56:00.974478,Ham & Cheese,Sandwich,1,6.5,6.5,Cash,4,2025-12-07 12:56:00.974478
371,2025-09-01,12:21:00.974478,Black Tea,Tea,1,2.5,2.5,Card,1,2025-09-01 12:21:00.974478
372,2025-11-11,08:15:00.974478,Muffin,Bakery,1,2.75,2.75,Card,5,2025-11-11 08:15:00.974478
373,2025-09-29,08:50:00.974478,Mocha,Coffee,1,4.5,4.5,Card,4,2025-09-29 08:50:00.974478
374,2025-08-25,08:31:00.974478,Bagel,Bakery,1,2.5,2.5,Cash,5,2025-08-25 08:31:00.974478
375,2025-12-15,10:55:00.974478,Latte,Coffee,1,4.0,4.0,Card,5,2025-12-15 10:55:00.974478
376,2025-10-25,09:43:00.974478,Bagel,Bakery,1,2.5,2.5,Card,4,2025-10-25 09:43:00.974478
377,2026-01-04,08:05:00.974478,Green Tea,Tea,1,2.75,2.75,Card,5,2026-01-04 08:05:00.974478
378,2025-08-04,10:38:00.974478,Chai Latte,Tea,1,4.25,4.25,Cash,5,2025-08-04 10:38:00.974478
379,2025-09-01,14:33:00.974478,Americano,Coffee,1,3.0,3.0,Card,1,2025-09-01 14:33:00.974478
380,2025-10-26,11:58:00.974478,Croissant,Bakery,2,3.5,7.0,Card,5,2025-10-26 11:58:00.974478
381,2025-09-07,06:10:00.974478,Muffin,Bakery,2,2.75,5.5,Card,3,2025-09-07 06:10:00.974478
382,2025-10-14,09:05:00.974478,Black Tea,Tea,1,2.5,2.5,Card,4,2025-10-14 09:05:00.974478
383,2025-12-28,12:52:00.974478,Americano,Coffee,1,3.0,3.0,Card,5,2025-12-28 12:52:00.974478
384,2025-09-05,11:26:00.974478,Americano,Coffee,1,3.0,3.0,Card,3,2025-09-05 11:26:00.974478
385,2025-10-08,07:37:00.974478,Bagel,Bakery,1,2.5,2.5,Card,5,2025-10-08 07:37:00.974478
386,2025-10-20,11:42:00.974478,Americano,Coffee,1,3.0,3.0,Card,4,2025-10-20 11:42:00.974478
387,2026-01-14,15:40:00.974478,Scone,Bakery,1,3.0,3.0,Cash,5,2026-01-14 15:40:00.974478
388,2025-09-10,04:44:00.974478,Veggie Wrap,Sandwich,1,7.0,7.0,Mobile Payment,5,2025-09-10 04:44:00.974478
389,2025-11-07,12:47:00.974478,Black Tea,Tea,2,2.5,5.0,Card,4,2025-11-07 12:47:00.974478
390,2026-01-02,10:59:00.974478,Americano,Coffee,1,3.0,3.0,Cash,5,2026-01-02 10:59:00.974478
391,2025-12-11,08:02:00.974478,Scone,Bakery,1,3.0,3.0,Cash,4,2025-12-11 08:02:00.974478
392,2025-08-19,12:40:00.974478,Bagel,Bakery,1,2.5,2.5,Cash,3,2025-08-19 12:40:00.974478
393,2025-10-08,10:34:00.974478,Espresso,Coffee,1,2.5,2.5,Card,4,2025-10-08 10:34:00.974478
394,2025-09-10,11:43:00.974478,Bagel,Bakery,2,2.5,5.0,Card,3,2025-09-10 11:43:00.974478
395,2025-10-27,02:26:00.974478,Turkey Club,Sandwich,1,7.5,7.5,Cash,5,2025-10-27 02:26:00.974478
396,2025-08-18,08:44:00.974478,Espresso,Coffee,1,2.5,2.5,Card,4,2025-08-18 08:44:00.974478
397,2025-07-27,16:58:00.974478,Muffin,Bakery,1,2.75,2.75,Cash,4,2025-07-27 16:58:00.974478
398,2025-10-22,09:10:00.974478,Scone,Bakery,1,3.0,3.0,Cash,5,2025-10-22 09:10:00.974478
399,2025-09-18,07:09:00.974478,Muffin,Bakery,1,2.75,2.75,Cash,5,2025-09-18 07:09:00.974478
400,2025-10-17,08:45:00.974478,Mocha,Coffee,1,4.5,4.5,Card,5,2025-10-17 08:45:00.974478
401,2025-11-29,07:07:00.974478,Mocha,Coffee,1,4.5,4.5,Card,4,2025-11-29 07:07:00.974478
402,2025-10-24,07:15:00.974478,Herbal Tea,Tea,1,3.0,3.0,Card,5,2025-10-24 07:15:00.974478
403,2025-08-03,08:39:00.974478,Americano,Coffee,1,3.0,3.0,Mobile Payment,5,2025-08-03 08:39:00.974478
404,2025-10-04,09:10:00.974478,Veggie Wrap,Sandwich,1,7.0,7.0,Card,5,2025-10-04 09:10:00.974478
405,2025-10-28,17:52:00.974478,Muffin,Bakery,1,2.75,2.75,Card,5,2025-10-28 17:52:00.974478
406,2025-10-19,09:27:00.974478,Espresso,Coffee,1,2.5,2.5,Card,5,2025-10-19 09:27:00.974478
407,2025-10-26,07:04:00.974478,Ham & Cheese,Sandwich,1,6.5,6.5,Card,5,2025-10-26 07:04:00.974478
408,2025-09-23,07:36:00.974478,Ham & Cheese,Sandwich,1,6.5,6.5,Cash,4,2025-09-23 07:36:00.974478
409,2025-08-23,11:04:00.974478,Croissant,Bakery,1,3.5,3.5,Mobile Payment,4,2025-08-23 11:04:00.974478
410,2025-11-21,09:54:00.974478,Croissant,Bakery,1,3.5,3.5,Mobile Payment,5,2025-11-21 09:54:00.974478
411,2025-09-04,10:29:00.974478,Cappuccino,Coffee,2,3.75,7.5,Card,5,2025-09-04 10:29:00.974478
412,2025-07-25,07:42:00.974478,Americano,Coffee,1,3.0,3.0,Card,5,2025-07-25 07:42:00.974478
413,2025-10-02,12:40:00.974478,Green Tea,Tea,1,2.75,2.75,Card,4,2025-10-02 12:40:00.974478
414,2025-12-13,08:02:00.974478,Green Tea,Tea,1,2.75,2.75,Card,5,2025-12-13 08:02:00.974478
415,2025-09-02,10:51:00.974478,Cappuccino,Coffee,1,3.75,3.75,Card,4,2025-09-02 10:51:00.974478
416,2025-10-22,10:53:00.974478,Espresso,Coffee,1,2.5,2.5,Mobile Payment,4,2025-10-22 10:53:00.974478
417,2025-09-15,17:24:00.974478,Bagel,Bakery,2,2.5,5.0,Card,5,2025-09-15 17:24:00.974478
418,2025-12-16,07:17:00.974478,Bagel,Bakery,2,2.5,5.0,Card,5,2025-12-16 07:17:00.974478
419,2025-08-21,13:17:00.974478,Scone,Bakery,2,3.0,6.0,Cash,4,2025-08-21 13:17:00.974478
420,2025-08-25,07:35:00.974478,Black Tea,Tea,1,2.5,2.5,Card,5,2025-08-25 07:35:00.974478
421,2025-09-23,08:14:00.974478,Scone,Bakery,3,3.0,9.0,Cash,5,2025-09-23 08:14:00.974478
422,2025-07-30,07:35:00.974478,Chai Latte,Tea,2,4.25,8.5,Mobile Payment,4,2025-07-30 07:35:00.974478
423,2025-11-11,10:53:00.974478,Mocha,Coffee,1,4.5,4.5,Card,5,2025-11-11 10:53:00.974478
424,2025-08-31,09:12:00.974478,Muffin,Bakery,1,2.75,2.75,Card,3,2025-08-31 09:12:00.974478
425,2025-11-19,02:19:00.974478,Green Tea,Tea,1,2.75,2.75,Mobile Payment,5,2025-11-19 02:19:00.974478
426,2025-09-18,15:09:00.974478,Cappuccino,Coffee,1,3.75,3.75,Card,5,2025-09-18 15:09:00.974478
427,2025-12-16,09:35:00.974478,Mocha,Coffee,1,4.5,4.5,Cash,4,2025-12-16 09:35:00.974478
428,2025-09-11,10:56:00.974478,Croissant,Bakery,1,3.5,3.5,Card,3,2025-09-11 10:56:00.974478
429,2026-01-14,12:33:00.974478,Cappuccino,Coffee,1,3.75,3.75,Card,5,2026-01-14 12:33:00.974478
430,2025-09-25,06:45:00.974478,Veggie Wrap,Sandwich,1,7.0,7.0,Mobile Payment,4,2025-09-25 06:45:00.974478
431,2025-09-17,07:48:00.974478,Croissant,Bakery,1,3.5,3.5,Card,3,2025-09-17 07:48:00.974478
432,2025-08-21,11:13:00.974478,Americano,Coffee,1,3.0,3.0,Card,5,2025-08-21 11:13:00.974478
433,2026-01-11,12:48:00.974478,Green Tea,Tea,1,2.75,2.75,Card,5,2026-01-11 12:48:00.974478
434,2025-09-19,09:49:00.974478,Green Tea,Tea,1,2.75,2.75,Card,5,2025-09-19 09:49:00.974478
435,2025-11-13,09:54:00.974478,Turkey Club,Sandwich,1,7.5,7.5,Card,4,2025-11-13 09:54:00.974478
436,2025-09-06,12:40:00.974478,Ham & Cheese,Sandwich,1,6.5,6.5,Cash,1,2025-09-06 12:40:00.974478
437,2025-12-07,09:07:00.974478,Herbal Tea,Tea,1,3.0,3.0,Card,4,2025-12-07 09:07:00.974478
438,2025-11-15,11:55:00.974478,Scone,Bakery,1,3.0,3.0,Card,4,2025-11-15 11:55:00.974478
439,2025-11-12,01:38:00.974478,Veggie Wrap,Sandwich,1,7.0,7.0,Mobile Payment,5,2025-11-12 01:38:00.974478
440,2025-07-24,14:08:00.974478,Turkey Club,Sandwich,1,7.5,7.5,Card,5,2025-07-24 14:08:00.974478
441,2025-08-04,09:37:00.974478,Cappuccino,Coffee,2,3.75,7.5,Card,4,2025-08-04 09:37:00.974478
442,2025-12-08,07:21:00.974478,Herbal Tea,Tea,1,3.0,3.0,Cash,4,2025-12-08 07:21:00.974478
443,2026-01-01,08:36:00.974478,Bagel,Bakery,1,2.5,2.5,Card,5,2026-01-01 08:36:00.974478
444,2025-10-06,13:04:00.974478,Bagel,Bakery,3,2.5,7.5,Cash,4,2025-10-06 13:04:00.974478
445,2025-11-06,11:29:00.974478,Latte,Coffee,1,4.0,4.0,Card,5,2025-11-06 11:29:00.974478
446,2026-01-10,04:18:00.974478,Espresso,Coffee,2,2.5,5.0,Card,5,2026-01-10 04:18:00.974478
447,2025-08-03,11:47:00.974478,Latte,Coffee,2,4.0,8.0,Cash,5,2025-08-03 11:47:00.974478
448,2025-11-13,07:51:00.974478,Bagel,Bakery,1,2.5,2.5,Card,5,2025-11-13 07:51:00.974478
449,2025-12-27,09:09:00.974478,Bagel,Bakery,1,2.5,2.5,Card,3,2025-12-27 09:09:00.974478
450,2025-12-11,11:03:00.974478,Muffin,Bakery,1,2.75,2.75,Card,1,2025-12-11 11:03:00.974478
451,2025-10-10,14:17:00.974478,Green Tea,Tea,1,2.75,2.75,Card,4,2025-10-10 14:17:00.974478
452,2025-10-07,08:38:00.974478,Americano,Coffee,1,3.0,3.0,Cash,4,2025-10-07 08:38:00.974478
453,2026-01-11,07:06:00.974478,Cappuccino,Coffee,1,3.75,3.75,Cash,5,2026-01-11 07:06:00.974478
454,2025-08-01,08:48:00.974478,Croissant,Bakery,1,3.5,3.5,Card,5,2025-08-01 08:48:00.974478
455,2025-08-31,08:38:00.974478,Croissant,Bakery,1,3.5,3.5,Cash,4,2025-08-31 08:38:00.974478
456,2025-11-06,07:52:00.974478,Mocha,Coffee,1,4.5,4.5,Cash,5,2025-11-06 07:52:00.974478
457,2025-12-26,11:41:00.974478,Chai Latte,Tea,1,4.25,4.25,Card,5,2025-12-26 11:41:00.974478
458,2025-09-09,12:33:00.974478,Espresso,Coffee,1,2.5,2.5,Mobile Payment,5,2025-09-09 12:33:00.974478
459,2025-07-28,10:09:00.974478,Chai Latte,Tea,1,4.25,4.25,Cash,5,2025-07-28 10:09:00.974478
460,2025-08-28,07:31:00.974478,Herbal Tea,Tea,1,3.0,3.0,Mobile Payment,4,2025-08-28 07:31:00.974478
461,2025-10-22,08:01:00.974478,Croissant,Bakery,1,3.5,3.5,Card,5,2025-10-22 08:01:00.974478
462,2025-09-27,14:55:00.974478,Mocha,Coffee,1,4.5,4.5,Card,4,2025-09-27 14:55:00.974478
463,2025-10-20,13:47:00.974478,Veggie Wrap,Sandwich,1,7.0,7.0,Card,5,2025-10-20 13:47:00.974478
464,2025-10-24,12:11:00.974478,Scone,Bakery,2,3.0,6.0,Mobile Payment,4,2025-10-24 12:11:00.974478
465,2025-09-03,11:58:00.974478,Americano,Coffee,1,3.0,3.0,Cash,5,2025-09-03 11:58:00.974478
466,2025-11-30,12:05:00.974478,Americano,Coffee,1,3.0,3.0,Card,5,2025-11-30 12:05:00.974478
467,2025-09-21,16:14:00.974478,Veggie Wrap,Sandwich,2,7.0,14.0,Card,4,2025-09-21 16:14:00.974478
468,2025-07-19,07:33:00.974478,Muffin,Bakery,1,2.75,2.75,Cash,4,2025-07-19 07:33:00.974478
469,2025-10-18,09:19:00.974478,Black Tea,Tea,2,2.5,5.0,Cash,5,2025-10-18 09:19:00.974478
470,2025-12-31,10:56:00.974478,Muffin,Bakery,1,2.75,2.75,Card,5,2025-12-31 10:56:00.974478
471,2025-08-14,11:54:00.974478,Herbal Tea,Tea,2,3.0,6.0,Cash,5,2025-08-14 11:54:00.974478
472,2025-12-01,07:38:00.974478,Black Tea,Tea,1,2.5,2.5,Card,4,2025-12-01 07:38:00.974478
473,2025-12-08,11:07:00.974478,Black Tea,Tea,3,2.5,7.5,Card,4,2025-12-08 11:07:00.974478
474,2025-11-28,12:36:00.974478,Chai Latte,Tea,1,4.25,4.25,Card,5,2025-11-28 12:36:00.974478
475,2026-01-06,10:55:00.974478,Chai Latte,Tea,1,4.25,4.25,Card,5,2026-01-06 10:55:00.974478
476,2025-09-22,10:03:00.974478,Croissant,Bakery,1,3.5,3.5,Cash,2,2025-09-22 10:03:00.974478
477,2025-08-04,11:15:00.974478,Bagel,Bakery,1,2.5,2.5,Mobile Payment,4,2025-08-04 11:15:00.974478
478,2025-07-29,08:05:00.974478,Chai Latte,Tea,1,4.25,4.25,Card,5,2025-07-29 08:05:00.974478
479,2025-11-28,17:41:00.974478,Americano,Coffee,1,3.0,3.0,Card,5,2025-11-28 17:41:00.974478
480,2025-08-20,13:13:00.974478,Latte,Coffee,1,4.0,4.0,Card,4,2025-08-20 13:13:00.974478
481,2025-12-29,11:18:00.974478,Muffin,Bakery,1,2.75,2.75,Cash,4,2025-12-29 11:18:00.974478
482,2025-11-30,12:22:00.974478,Mocha,Coffee,1,4.5,4.5,Card,4,2025-11-30 12:22:00.974478
483,2025-07-22,11:24:00.974478,Cappuccino,Coffee,1,3.75,3.75,Card,5,2025-07-22 11:24:00.974478
484,2025-08-19,10:38:00.974478,Cappuccino,Coffee,1,3.75,3.75,Cash,5,2025-08-19 10:38:00.974478
485,2025-10-30,08:27:00.974478,Ham & Cheese,Sandwich,2,6.5,13.0,Card,3,2025-10-30 08:27:00.974478
486,2025-10-21,06:15:00.974478,Mocha,Coffee,1,4.5,4.5,Cash,5,2025-10-21 06:15:00.974478
487,2025-11-27,12:05:00.974478,Ham & Cheese,Sandwich,1,6.5,6.5,Card,3,2025-11-27 12:05:00.974478
488,2026-01-05,08:23:00.974478,Herbal Tea,Tea,1,3.0,3.0,Card,4,2026-01-05 08:23:00.974478
489,2025-07-21,10:56:00.974478,Veggie Wrap,Sandwich,1,7.0,7.0,Mobile Payment,5,2025-07-21 10:56:00.974478
490,2025-11-07,11:39:00.974478,Bagel,Bakery,1,2.5,2.5,Cash,5,2025-11-07 11:39:00.974478
491,2025-12-20,07:20:00.974478,Black Tea,Tea,1,2.5,2.5,Cash,4,2025-12-20 07:20:00.974478
492,2025-09-28,10:44:00.974478,Croissant,Bakery,1,3.5,3.5,Card,4,2025-09-28 10:44:00.974478
493,2025-07-31,08:38:00.974478,Bagel,Bakery,1,2.5,2.5,Card,5,2025-07-31 08:38:00.974478
494,2025-09-04,08:43:00.974478,Latte,Coffee,1,4.0,4.0,Card,5,2025-09-04 08:43:00.974478
495,2025-11-02,08:06:00.974478,Latte,Coffee,1,4.0,4.0,Mobile Payment,5,2025-11-02 08:06:00.974478
496,2025-10-14,07:42:00.974478,Croissant,Bakery,2,3.5,7.0,Card,4,2025-10-14 07:42:00.974478
497,2025-10-29,07:07:00.974478,Latte,Coffee,1,4.0,4.0,Cash,4,2025-10-29 07:07:00.974478
498,2025-09-29,09:49:00.974478,Cappuccino,Coffee,1,3.75,3.75,Cash,4,2025-09-29 09:49:00.974478
499,2025-12-14,10:34:00.974478,Herbal Tea,Tea,1,3.0,3.0,Cash,5,2025-12-14 10:34:00.974478
500,2025-10-26,14:34:00.974478,Cappuccino,Coffee,1,3.75,3.75,Card,4,2025-10-26 14:34:00.974478
501,2025-10-02,08:53:00.974478,Latte,Coffee,1,4.0,4.0,Mobile Payment,4,2025-10-02 08:53:00.974478
502,2025-11-23,08:28:00.974478,Turkey Club,Sandwich,1,7.5,7.5,Card,5,2025-11-23 08:28:00.974478
503,2025-07-24,06:36:00.974478,Veggie Wrap,Sandwich,1,7.0,7.0,Card,3,2025-07-24 06:36:00.974478
504,2026-01-10,13:28:00.974478,Bagel,Bakery,1,2.5,2.5,Card,4,2026-01-10 13:28:00.974478
505,2025-12-12,08:29:00.974478,Muffin,Bakery,2,2.75,5.5,Card,5,2025-12-12 08:29:00.974478
506,2025-12-31,15:44:00.974478,Turkey Club,Sandwich,1,7.5,7.5,Mobile Payment,3,2025-12-31 15:44:00.974478
507,2025-09-01,09:54:00.974478,Black Tea,Tea,1,2.5,2.5,Cash,5,2025-09-01 09:54:00.974478
508,2025-09-30,08:37:00.974478,Espresso,Coffee,1,2.5,2.5,Card,5,2025-09-30 08:37:00.974478
509,2025-10-12,09:43:00.974478,Turkey Club,Sandwich,3,7.5,22.5,Cash,4,2025-10-12 09:43:00.974478
510,2026-01-02,07:18:00.974478,Bagel,Bakery,1,2.5,2.5,Card,4,2026-01-02 07:18:00.974478
511,2025-11-11,12:07:00.974478,Americano,Coffee,1,3.0,3.0,Card,3,2025-11-11 12:07:00.974478
512,2025-10-29,12:07:00.974478,Latte,Coffee,1,4.0,4.0,Card,5,2025-10-29 12:07:00.974478
513,2025-09-08,10:36:00.974478,Scone,Bakery,1,3.0,3.0,Card,4,2025-09-08 10:36:00.974478
514,2025-11-10,07:56:00.974478,Croissant,Bakery,2,3.5,7.0,Cash,5,2025-11-10 07:56:00.974478
515,2025-09-24,09:49:00.974478,Ham & Cheese,Sandwich,1,6.5,6.5,Cash,5,2025-09-24 09:49:00.974478
516,2025-12-06,06:25:00.974478,Croissant,Bakery,1,3.5,3.5,Cash,4,2025-12-06 06:25:00.974478
517,2025-10-10,05:50:00.974478,Chai Latte,Tea,1,4.25,4.25,Card,4,2025-10-10 05:50:00.974478
518,2025-11-25,07:21:00.974478,Ham & Cheese,Sandwich,1,6.5,6.5,Cash,5,2025-11-25 07:21:00.974478
519,2025-08-19,07:54:00.974478,Latte,Coffee,2,4.0,8.0,Mobile Payment,5,2025-08-19 07:54:00.974478
520,2025-12-29,08:10:00.974478,Croissant,Bakery,1,3.5,3.5,Mobile Payment,5,2025-12-29 08:10:00.974478
521,2025-08-10,02:51:00.974478,Veggie Wrap,Sandwich,1,7.0,7.0,Card,5,2025-08-10 02:51:00.974478
522,2025-11-25,10:20:00.974478,Muffin,Bakery,1,2.75,2.75,Card,5,2025-11-25 10:20:00.974478
523,2025-11-13,12:54:00.974478,Veggie Wrap,Sandwich,1,7.0,7.0,Cash,5,2025-11-13 12:54:00.974478
524,2025-09-03,07:26:00.974478,Croissant,Bakery,1,3.5,3.5,Card,5,2025-09-03 07:26:00.974478
525,2026-01-05,10:22:00.974478,Herbal Tea,Tea,1,3.0,3.0,Cash,4,2026-01-05 10:22:00.974478
526,2026-01-06,13:53:00.974478,Espresso,Coffee,1,2.5,2.5,Card,5,2026-01-06 13:53:00.974478
527,2025-12-04,12:24:00.974478,Chai Latte,Tea,1,4.25,4.25,Mobile Payment,5,2025-12-04 12:24:00.974478
528,2025-08-11,08:57:00.974478,Mocha,Coffee,3,4.5,13.5,Card,4,2025-08-11 08:57:00.974478
529,2025-12-14,07:47:00.974478,Croissant,Bakery,2,3.5,7.0,Cash,4,2025-12-14 07:47:00.974478
530,2025-07-28,09:12:00.974478,Herbal Tea,Tea,1,3.0,3.0,Card,5,2025-07-28 09:12:00.974478
531,2025-09-27,12:28:00.974478,Chai Latte,Tea,1,4.25,4.25,Mobile Payment,4,2025-09-27 12:28:00.974478
532,2025-11-14,16:30:00.974478,Chai Latte,Tea,1,4.25,4.25,Cash,4,2025-11-14 16:30:00.974478
533,2025-09-14,13:18:00.974478,Black Tea,Tea,1,2.5,2.5,Card,1,2025-09-14 13:18:00.974478
534,2025-10-30,10:42:00.974478,Chai Latte,Tea,1,4.25,4.25,Cash,5,2025-10-30 10:42:00.974478
535,2025-11-21,07:07:00.974478,Scone,Bakery,1,3.0,3.0,Card,5,2025-11-21 07:07:00.974478
536,2025-10-19,12:10:00.974478,Ham & Cheese,Sandwich,1,6.5,6.5,Cash,4,2025-10-19 12:10:00.974478
537,2025-08-30,09:30:00.974478,Cappuccino,Coffee,2,3.75,7.5,Card,4,2025-08-30 09:30:00.974478
538,2025-08-09,09:11:00.974478,Espresso,Coffee,2,2.5,5.0,Card,4,2025-08-09 09:11:00.974478
539,2025-09-20,11:08:00.974478,Latte,Coffee,2,4.0,8.0,Card,4,2025-09-20 11:08:00.974478
540,2025-09-23,07:51:00.974478,Latte,Coffee,1,4.0,4.0,Card,5,2025-09-23 07:51:00.974478
541,2025-09-06,11:40:00.974478,Herbal Tea,Tea,1,3.0,3.0,Card,5,2025-09-06 11:40:00.974478
542,2025-12-29,09:52:00.974478,Black Tea,Tea,3,2.5,7.5,Cash,3,2025-12-29 09:52:00.974478
543,2026-01-15,11:45:00.974478,Americano,Coffee,1,3.0,3.0,Cash,3,2026-01-15 11:45:00.974478
544,2025-12-31,07:16:00.974478,Green Tea,Tea,2,2.75,5.5,Card,5,2025-12-31 07:16:00.974478
545,2026-01-12,08:54:00.974478,Turkey Club,Sandwich,1,7.5,7.5,Cash,5,2026-01-12 08:54:00.974478
546,2025-12-21,08:28:00.974478,Bagel,Bakery,1,2.5,2.5,Card,4,2025-12-21 08:28:00.974478
547,2026-01-05,11:33:00.974478,Ham & Cheese,Sandwich,2,6.5,13.0,Mobile Payment,5,2026-01-05 11:33:00.974478
548,2025-09-11,12:08:00.974478,Black Tea,Tea,1,2.5,2.5,Card,5,2025-09-11 12:08:00.974478
549,2025-10-18,11:27:00.974478,Black Tea,Tea,1,2.5,2.5,Card,4,2025-10-18 11:27:00.974478
550,2026-01-05,09:56:00.974478,Black Tea,Tea,2,2.5,5.0,Card,4,2026-01-05 09:56:00.974478
551,2025-08-13,15:55:00.974478,Chai Latte,Tea,1,4.25,4.25,Card,2,2025-08-13 15:55:00.974478
552,2025-09-05,11:31:00.974478,Latte,Coffee,2,4.0,8.0,Card,5,2025-09-05 11:31:00.974478
553,2025-09-13,08:09:00.974478,Americano,Coffee,2,3.0,6.0,Cash,5,2025-09-13 08:09:00.974478
554,2025-11-18,01:49:00.974478,Espresso,Coffee,3,2.5,7.5,Cash,4,2025-11-18 01:49:00.974478
555,2025-10-31,12:30:00.974478,Herbal Tea,Tea,1,3.0,3.0,Mobile Payment,3,2025-10-31 12:30:00.974478
556,2025-12-24,11:17:00.974478,Mocha,Coffee,1,4.5,4.5,Card,4,2025-12-24 11:17:00.974478
557,2025-11-12,01:10:00.974478,Turkey Club,Sandwich,1,7.5,7.5,Card,5,2025-11-12 01:10:00.974478
558,2025-12-21,08:53:00.974478,Black Tea,Tea,1,2.5,2.5,Cash,2,2025-12-21 08:53:00.974478
559,2025-10-13,13:54:00.974478,Scone,Bakery,2,3.0,6.0,Cash,5,2025-10-13 13:54:00.974478
560,2025-11-21,13:27:00.974478,Black Tea,Tea,1,2.5,2.5,Card,4,2025-11-21 13:27:00.974478
561,2025-11-16,12:37:00.974478,Mocha,Coffee,1,4.5,4.5,Card,5,2025-11-16 12:37:00.974478
562,2025-10-24,12:43:00.974478,Veggie Wrap,Sandwich,1,7.0,7.0,Card,5,2025-10-24 12:43:00.974478
563,2025-12-16,10:52:00.974478,Muffin,Bakery,1,2.75,2.75,Card,5,2025-12-16 10:52:00.974478
564,2025-12-14,11:05:00.974478,Espresso,Coffee,2,2.5,5.0,Mobile Payment,5,2025-12-14 11:05:00.974478
565,2025-07-24,09:11:00.974478,Espresso,Coffee,1,2.5,2.5,Card,4,2025-07-24 09:11:00.974478
566,2026-01-05,12:41:00.974478,Americano,Coffee,1,3.0,3.0,Mobile Payment,4,2026-01-05 12:41:00.974478
567,2025-09-06,10:42:00.974478,Bagel,Bakery,1,2.5,2.5,Card,5,2025-09-06 10:42:00.974478
568,2025-09-03,08:31:00.974478,Cappuccino,Coffee,1,3.75,3.75,Card,4,2025-09-03 08:31:00.974478
569,2025-11-25,09:26:00.974478,Espresso,Coffee,1,2.5,2.5,Mobile Payment,5,2025-11-25 09:26:00.974478
570,2025-12-08,11:19:00.974478,Croissant,Bakery,1,3.5,3.5,Cash,3,2025-12-08 11:19:00.974478
571,2025-10-02,08:34:00.974478,Cappuccino,Coffee,1,3.75,3.75,Card,2,2025-10-02 08:34:00.974478
572,2025-09-01,07:16:00.974478,Latte,Coffee,1,4.0,4.0,Mobile Payment,4,2025-09-01 07:16:00.974478
573,2025-08-04,09:33:00.974478,Chai Latte,Tea,1,4.25,4.25,Cash,4,2025-08-04 09:33:00.974478
574,2025-12-24,07:38:00.974478,Black Tea,Tea,1,2.5,2.5,Card,1,2025-12-24 07:38:00.974478
575,2025-09-17,08:31:00.974478,Latte,Coffee,1,4.0,4.0,Card,4,2025-09-17 08:31:00.974478
576,2025-07-28,12:12:00.974478,Cappuccino,Coffee,1,3.75,3.75,Card,4,2025-07-28 12:12:00.974478
577,2025-10-11,14:03:00.974478,Espresso,Coffee,1,2.5,2.5,Card,5,2025-10-11 14:03:00.974478
578,2025-10-29,07:21:00.974478,Green Tea,Tea,1,2.75,2.75,Card,5,2025-10-29 07:21:00.974478
579,2025-12-21,09:34:00.974478,Espresso,Coffee,1,2.5,2.5,Mobile Payment,3,2025-12-21 09:34:00.974478
580,2025-10-11,08:03:00.974478,Cappuccino,Coffee,1,3.75,3.75,Card,4,2025-10-11 08:03:00.974478
581,2025-10-18,13:01:00.974478,Croissant,Bakery,1,3.5,3.5,Cash,4,2025-10-18 13:01:00.974478
582,2025-09-13,12:18:00.974478,Turkey Club,Sandwich,3,7.5,22.5,Cash,1,2025-09-13 12:18:00.974478
583,2025-11-23,11:06:00.974478,Latte,Coffee,1,4.0,4.0,Card,3,2025-11-23 11:06:00.974478
584,2025-09-23,10:12:00.974478,Bagel,Bakery,1,2.5,2.5,Card,4,2025-09-23 10:12:00.974478
585,2025-10-19,09:07:00.974478,Latte,Coffee,1,4.0,4.0,Card,4,2025-10-19 09:07:00.974478
586,2025-10-12,11:29:00.974478,Latte,Coffee,1,4.0,4.0,Card,4,2025-10-12 11:29:00.974478
587,2025-11-16,14:15:00.974478,Green Tea,Tea,1,2.75,2.75,Cash,4,2025-11-16 14:15:00.974478
588,2025-10-31,10:16:00.974478,Turkey Club,Sandwich,1,7.5,7.5,Cash,5,2025-10-31 10:16:00.974478
589,2025-07-31,10:53:00.974478,Espresso,Coffee,2,2.5,5.0,Cash,3,2025-07-31 10:53:00.974478
590,2025-10-21,13:23:00.974478,Mocha,Coffee,1,4.5,4.5,Card,3,2025-10-21 13:23:00.974478
591,2025-11-15,01:48:00.974478,Green Tea,Tea,1,2.75,2.75,Card,4,2025-11-15 01:48:00.974478
592,2025-11-18,10:03:00.974478,Croissant,Bakery,1,3.5,3.5,Card,5,2025-11-18 10:03:00.974478
593,2025-12-13,08:19:00.974478,Green Tea,Tea,1,2.75,2.75,Cash,5,2025-12-13 08:19:00.974478
594,2025-12-11,11:22:00.974478,Turkey Club,Sandwich,1,7.5,7.5,Cash,4,2025-12-11 11:22:00.974478
595,2025-08-15,08:15:00.974478,Chai Latte,Tea,1,4.25,4.25,Card,5,2025-08-15 08:15:00.974478
596,2025-10-19,12:50:00.974478,Veggie Wrap,Sandwich,2,7.0,14.0,Mobile Payment,4,2025-10-19 12:50:00.974478
597,2025-10-07,08:51:00.974478,Americano,Coffee,1,3.0,3.0,Card,5,2025-10-07 08:51:00.974478
598,2025-08-22,11:38:00.974478,Muffin,Bakery,1,2.75,2.75,Card,4,2025-08-22 11:38:00.974478
599,2025-08-28,09:12:00.974478,Mocha,Coffee,1,4.5,4.5,Mobile Payment,4,2025-08-28 09:12:00.974478
600,2025-10-05,07:29:00.974478,Herbal Tea,Tea,1,3.0,3.0,Cash,5,2025-10-05 07:29:00.974478
601,2025-12-12,08:08:00.974478,Ham & Cheese,Sandwich,1,6.5,6.5,Card,4,2025-12-12 08:08:00.974478
602,2025-12-02,11:10:00.974478,Ham & Cheese,Sandwich,1,6.5,6.5,Card,4,2025-12-02 11:10:00.974478
603,2025-08-19,16:10:00.974478,Latte,Coffee,1,4.0,4.0,Cash,3,2025-08-19 16:10:00.974478
604,2025-11-06,09:38:00.974478,Mocha,Coffee,1,4.5,4.5,Card,5,2025-11-06 09:38:00.974478
605,2025-09-09,08:42:00.974478,Scone,Bakery,1,3.0,3.0,Card,4,2025-09-09 08:42:00.974478
606,2025-09-21,07:51:00.974478,Muffin,Bakery,1,2.75,2.75,Cash,4,2025-09-21 07:51:00.974478
607,2025-10-12,08:50:00.974478,Scone,Bakery,2,3.0,6.0,Card,5,2025-10-12 08:50:00.974478
608,2025-09-29,08:57:00.974478,Green Tea,Tea,2,2.75,5.5,Cash,5,2025-09-29 08:57:00.974478
609,2026-01-04,16:28:00.974478,Ham & Cheese,Sandwich,1,6.5,6.5,Mobile Payment,4,2026-01-04 16:28:00.974478
610,2025-11-14,08:19:00.974478,Americano,Coffee,1,3.0,3.0,Card,4,2025-11-14 08:19:00.974478
611,2025-09-07,10:27:00.974478,Latte,Coffee,1,4.0,4.0,Cash,5,2025-09-07 10:27:00.974478
612,2025-07-24,09:38:00.974478,Americano,Coffee,1,3.0,3.0,Card,4,2025-07-24 09:38:00.974478
613,2025-12-24,06:49:00.974478,Green Tea,Tea,1,2.75,2.75,Card,5,2025-12-24 06:49:00.974478
614,2025-08-24,10:39:00.974478,Veggie Wrap,Sandwich,1,7.0,7.0,Card,3,2025-08-24 10:39:00.974478
615,2025-09-20,09:09:00.974478,Bagel,Bakery,1,2.5,2.5,Card,4,2025-09-20 09:09:00.974478
616,2025-09-04,17:23:00.974478,Veggie Wrap,Sandwich,2,7.0,14.0,Cash,5,2025-09-04 17:23:00.974478
617,2025-12-03,10:51:00.974478,Latte,Coffee,1,4.0,4.0,Card,2,2025-12-03 10:51:00.974478
618,2025-10-21,09:39:00.974478,Herbal Tea,Tea,1,3.0,3.0,Card,5,2025-10-21 09:39:00.974478
619,2025-10-04,13:56:00.974478,Cappuccino,Coffee,1,3.75,3.75,Card,5,2025-10-04 13:56:00.974478
620,2025-12-20,07:13:00.974478,Americano,Coffee,1,3.0,3.0,Card,5,2025-12-20 07:13:00.974478
621,2025-10-26,08:35:00.974478,Chai Latte,Tea,2,4.25,8.5,Mobile Payment,3,2025-10-26 08:35:00.974478
622,2025-12-18,09:47:00.974478,Herbal Tea,Tea,3,3.0,9.0,Card,5,2025-12-18 09:47:00.974478
623,2025-09-02,10:14:00.974478,Espresso,Coffee,1,2.5,2.5,Card,4,2025-09-02 10:14:00.974478
624,2026-01-03,11:54:00.974478,Veggie Wrap,Sandwich,1,7.0,7.0,Card,4,2026-01-03 11:54:00.974478
625,2025-09-19,10:39:00.974478,Mocha,Coffee,2,4.5,9.0,Mobile Payment,4,2025-09-19 10:39:00.974478
626,2025-09-29,12:34:00.974478,Herbal Tea,Tea,1,3.0,3.0,Card,5,2025-09-29 12:34:00.974478
627,2025-09-08,07:33:00.974478,Latte,Coffee,1,4.0,4.0,Mobile Payment,4,2025-09-08 07:33:00.974478
628,2026-01-12,12:00:00.974478,Bagel,Bakery,2,2.5,5.0,Card,5,2026-01-12 12:00:00.974478
629,2025-07-30,09:24:00.974478,Bagel,Bakery,1,2.5,2.5,Cash,5,2025-07-30 09:24:00.974478
630,2025-10-10,02:25:00.974478,Muffin,Bakery,1,2.75,2.75,Cash,5,2025-10-10 02:25:00.974478
631,2025-08-09,11:08:00.974478,Croissant,Bakery,1,3.5,3.5,Card,4,2025-08-09 11:08:00.974478
632,2025-09-24,12:44:00.974478,Chai Latte,Tea,1,4.25,4.25,Card,5,2025-09-24 12:44:00.974478
633,2025-09-22,00:29:00.974478,Americano,Coffee,3,3.0,9.0,Cash,5,2025-09-22 00:29:00.974478
634,2026-01-11,08:52:00.974478,Herbal Tea,Tea,1,3.0,3.0,Cash,5,2026-01-11 08:52:00.974478
635,2025-07-24,11:23:00.974478,Americano,Coffee,1,3.0,3.0,Cash,5,2025-07-24 11:23:00.974478
636,2025-09-01,11:25:00.974478,Mocha,Coffee,1,4.5,4.5,Cash,5,2025-09-01 11:25:00.974478
637,2025-08-31,07:19:00.974478,Croissant,Bakery,1,3.5,3.5,Card,4,2025-08-31 07:19:00.974478
638,2025-11-28,09:27:00.974478,Turkey Club,Sandwich,1,7.5,7.5,Card,3,2025-11-28 09:27:00.974478
639,2025-10-04,12:12:00.974478,Cappuccino,Coffee,2,3.75,7.5,Card,5,2025-10-04 12:12:00.974478
640,2025-09-04,09:28:00.974478,Veggie Wrap,Sandwich,1,7.0,7.0,Card,5,2025-09-04 09:28:00.974478
641,2025-10-07,12:02:00.974478,Espresso,Coffee,1,2.5,2.5,Card,3,2025-10-07 12:02:00.974478
642,2025-08-23,09:57:00.974478,Americano,Coffee,1,3.0,3.0,Card,4,2025-08-23 09:57:00.974478
643,2025-11-13,12:47:00.974478,Cappuccino,Coffee,2,3.75,7.5,Card,5,2025-11-13 12:47:00.974478
644,2025-11-19,08:27:00.974478,Chai Latte,Tea,1,4.25,4.25,Card,5,2025-11-19 08:27:00.974478
645,2025-11-23,15:10:00.974478,Turkey Club,Sandwich,1,7.5,7.5,Card,5,2025-11-23 15:10:00.974478
646,2025-11-25,07:27:00.974478,Scone,Bakery,2,3.0,6.0,Card,4,2025-11-25 07:27:00.974478
647,2025-09-12,10:59:00.974478,Veggie Wrap,Sandwich,1,7.0,7.0,Card,5,2025-09-12 10:59:00.974478
648,2025-10-27,08:01:00.974478,Herbal Tea,Tea,1,3.0,3.0,Cash,5,2025-10-27 08:01:00.974478
649,2025-12-27,10:27:00.974478,Scone,Bakery,1,3.0,3.0,Card,5,2025-12-27 10:27:00.974478
650,2025-10-14,08:55:00.974478,Scone,Bakery,1,3.0,3.0,Card,3,2025-10-14 08:55:00.974478
651,2025-08-25,10:14:00.974478,Green Tea,Tea,1,2.75,2.75,Cash,4,2025-08-25 10:14:00.974478
652,2025-08-21,00:16:00.974478,Croissant,Bakery,1,3.5,3.5,Card,4,2025-08-21 00:16:00.974478
653,2025-11-30,11:29:00.974478,Cappuccino,Coffee,1,3.75,3.75,Cash,1,2025-11-30 11:29:00.974478
654,2025-07-20,08:39:00.974478,Green Tea,Tea,1,2.75,2.75,Card,3,2025-07-20 08:39:00.974478
655,2025-09-16,08:00:00.974478,Veggie Wrap,Sandwich,1,7.0,7.0,Cash,4,2025-09-16 08:00:00.974478
656,2025-12-05,12:38:00.974478,Espresso,Coffee,2,2.5,5.0,Card,5,2025-12-05 12:38:00.974478
657,2025-07-28,08:31:00.974478,Latte,Coffee,3,4.0,12.0,Card,5,2025-07-28 08:31:00.974478
658,2025-09-09,09:06:00.974478,Bagel,Bakery,1,2.5,2.5,Cash,5,2025-09-09 09:06:00.974478
659,2025-10-08,00:22:00.974478,Americano,Coffee,1,3.0,3.0,Cash,5,2025-10-08 00:22:00.974478
660,2025-08-05,15:36:00.974478,Herbal Tea,Tea,1,3.0,3.0,Mobile Payment,5,2025-08-05 15:36:00.974478
661,2025-08-14,08:04:00.974478,Croissant,Bakery,1,3.5,3.5,Cash,5,2025-08-14 08:04:00.974478
662,2025-09-29,05:45:00.974478,Bagel,Bakery,1,2.5,2.5,Mobile Payment,5,2025-09-29 05:45:00.974478
663,2025-09-24,09:28:00.974478,Mocha,Coffee,1,4.5,4.5,Card,4,2025-09-24 09:28:00.974478
664,2025-10-02,08:30:00.974478,Bagel,Bakery,1,2.5,2.5,Cash,4,2025-10-02 08:30:00.974478
665,2025-09-28,12:23:00.974478,Americano,Coffee,2,3.0,6.0,Card,5,2025-09-28 12:23:00.974478
666,2026-01-05,09:16:00.974478,Black Tea,Tea,2,2.5,5.0,Card,5,2026-01-05 09:16:00.974478
667,2025-11-05,10:20:00.974478,Black Tea,Tea,1,2.5,2.5,Card,5,2025-11-05 10:20:00.974478
668,2025-12-04,11:34:00.974478,Veggie Wrap,Sandwich,1,7.0,7.0,Cash,4,2025-12-04 11:34:00.974478
669,2025-08-30,11:37:00.974478,Latte,Coffee,1,4.0,4.0,Mobile Payment,4,2025-08-30 11:37:00.974478
670,2025-11-09,08:06:00.974478,Black Tea,Tea,1,2.5,2.5,Card,5,2025-11-09 08:06:00.974478
671,2025-09-30,08:27:00.974478,Americano,Coffee,2,3.0,6.0,Card,4,2025-09-30 08:27:00.974478
672,2025-10-19,08:03:00.974478,Chai Latte,Tea,1,4.25,4.25,Card,4,2025-10-19 08:03:00.974478
673,2025-12-01,09:01:00.974478,Americano,Coffee,1,3.0,3.0,Card,5,2025-12-01 09:01:00.974478
674,2026-01-11,01:41:00.974478,Ham & Cheese,Sandwich,1,6.5,6.5,Mobile Payment,5,2026-01-11 01:41:00.974478
675,2025-12-07,11:07:00.974478,Turkey Club,Sandwich,1,7.5,7.5,Cash,5,2025-12-07 11:07:00.974478
676,2025-09-07,09:36:00.974478,Herbal Tea,Tea,3,3.0,9.0,Card,1,2025-09-07 09:36:00.974478
677,2025-12-08,11:15:00.974478,Veggie Wrap,Sandwich,2,7.0,14.0,Card,4,2025-12-08 11:15:00.974478
678,2026-01-02,01:59:00.974478,Ham & Cheese,Sandwich,1,6.5,6.5,Cash,5,2026-01-02 01:59:00.974478
679,2025-11-21,08:32:00.974478,Turkey Club,Sandwich,1,7.5,7.5,Card,4,2025-11-21 08:32:00.974478
680,2025-10-26,11:51:00.974478,Americano,Coffee,3,3.0,9.0,Cash,2,2025-10-26 11:51:00.974478
681,2025-12-08,13:25:00.974478,Veggie Wrap,Sandwich,1,7.0,7.0,Cash,4,2025-12-08 13:25:00.974478
682,2025-10-18,09:36:00.974478,Herbal Tea,Tea,1,3.0,3.0,Card,4,2025-10-18 09:36:00.974478
683,2025-10-11,08:51:00.974478,Veggie Wrap,Sandwich,1,7.0,7.0,Cash,4,2025-10-11 08:51:00.974478
684,2025-10-05,06:01:00.974478,Croissant,Bakery,3,3.5,10.5,Mobile Payment,5,2025-10-05 06:01:00.974478
685,2026-01-03,17:13:00.974478,Ham & Cheese,Sandwich,1,6.5,6.5,Mobile Payment,3,2026-01-03 17:13:00.974478
686,2025-10-09,08:26:00.974478,Latte,Coffee,1,4.0,4.0,Card,3,2025-10-09 08:26:00.974478
687,2026-01-10,10:36:00.974478,Turkey Club,Sandwich,1,7.5,7.5,Card,3,2026-01-10 10:36:00.974478
688,2025-09-20,12:43:00.974478,Scone,Bakery,1,3.0,3.0,Card,5,2025-09-20 12:43:00.974478
689,2025-11-11,08:42:00.974478,Ham & Cheese,Sandwich,1,6.5,6.5,Mobile Payment,4,2025-11-11 08:42:00.974478
690,2025-12-06,09:28:00.974478,Ham & Cheese,Sandwich,2,6.5,13.0,Cash,3,2025-12-06 09:28:00.974478
691,2025-12-28,07:10:00.974478,Muffin,Bakery,1,2.75,2.75,Cash,4,2025-12-28 07:10:00.974478
692,2025-11-11,07:18:00.974478,Ham & Cheese,Sandwich,3,6.5,19.5,Card,4,2025-11-11 07:18:00.974478
693,2025-10-13,09:24:00.974478,Black Tea,Tea,1,2.5,2.5,Card,4,2025-10-13 09:24:00.974478
694,2025-08-25,12:16:00.974478,Turkey Club,Sandwich,1,7.5,7.5,Card,4,2025-08-25 12:16:00.974478
695,2025-10-28,04:52:00.974478,Ham & Cheese,Sandwich,1,6.5,6.5,Card,4,2025-10-28 04:52:00.974478
696,2025-10-14,05:09:00.974478,Veggie Wrap,Sandwich,2,7.0,14.0,Mobile Payment,5,2025-10-14 05:09:00.974478
697,2025-08-30,12:35:00.974478,Bagel,Bakery,1,2.5,2.5,Mobile Payment,4,2025-08-30 12:35:00.974478
698,2025-09-01,14:24:00.974478,Green Tea,Tea,3,2.75,8.25,Cash,5,2025-09-01 14:24:00.974478
699,2025-11-09,10:27:00.974478,Herbal Tea,Tea,1,3.0,3.0,Card,5,2025-11-09 10:27:00.974478
700,2025-08-15,07:17:00.974478,Muffin,Bakery,1,2.75,2.75,Mobile Payment,4,2025-08-15 07:17:00.974478
701,2025-11-07,12:12:00.974478,Latte,Coffee,2,4.0,8.0,Mobile Payment,5,2025-11-07 12:12:00.974478
702,2026-01-03,09:34:00.974478,Bagel,Bakery,3,2.5,7.5,Cash,4,2026-01-03 09:34:00.974478
703,2025-08-19,09:24:00.974478,Cappuccino,Coffee,1,3.75,3.75,Card,5,2025-08-19 09:24:00.974478
704,2025-12-10,11:09:00.974478,Bagel,Bakery,1,2.5,2.5,Card,5,2025-12-10 11:09:00.974478
705,2025-09-05,09:45:00.974478,Chai Latte,Tea,1,4.25,4.25,Card,4,2025-09-05 09:45:00.974478
706,2025-11-14,14:45:00.974478,Bagel,Bakery,1,2.5,2.5,Cash,4,2025-11-14 14:45:00.974478
707,2025-12-02,08:38:00.974478,Ham & Cheese,Sandwich,2,6.5,13.0,Cash,3,2025-12-02 08:38:00.974478
708,2025-11-10,09:30:00.974478,Cappuccino,Coffee,1,3.75,3.75,Card,5,2025-11-10 09:30:00.974478
709,2026-01-03,07:06:00.974478,Bagel,Bakery,1,2.5,2.5,Card,5,2026-01-03 07:06:00.974478
710,2025-11-01,17:39:00.974478,Ham & Cheese,Sandwich,1,6.5,6.5,Cash,4,2025-11-01 17:39:00.974478
711,2025-10-11,08:06:00.974478,Black Tea,Tea,1,2.5,2.5,Mobile Payment,5,2025-10-11 08:06:00.974478
712,2026-01-01,10:18:00.974478,Espresso,Coffee,1,2.5,2.5,Cash,4,2026-01-01 10:18:00.974478
713,2025-12-13,10:59:00.974478,Bagel,Bakery,1,2.5,2.5,Cash,4,2025-12-13 10:59:00.974478
714,2026-01-10,07:06:00.974478,Cappuccino,Coffee,2,3.75,7.5,Card,5,2026-01-10 07:06:00.974478
715,2025-12-05,08:16:00.974478,Croissant,Bakery,1,3.5,3.5,Card,4,2025-12-05 08:16:00.974478
716,2025-10-31,12:45:00.974478,Turkey Club,Sandwich,1,7.5,7.5,Mobile Payment,5,2025-10-31 12:45:00.974478
717,2025-10-26,09:08:00.974478,Scone,Bakery,1,3.0,3.0,Card,5,2025-10-26 09:08:00.974478
718,2025-08-14,08:12:00.974478,Cappuccino,Coffee,1,3.75,3.75,Mobile Payment,5,2025-08-14 08:12:00.974478
719,2025-08-28,13:46:00.974478,Veggie Wrap,Sandwich,1,7.0,7.0,Cash,4,2025-08-28 13:46:00.974478
720,2025-09-12,09:51:00.974478,Mocha,Coffee,1,4.5,4.5,Card,4,2025-09-12 09:51:00.974478
721,2025-09-25,08:18:00.974478,Mocha,Coffee,2,4.5,9.0,Card,3,2025-09-25 08:18:00.974478
722,2025-08-01,07:13:00.974478,Turkey Club,Sandwich,2,7.5,15.0,Card,4,2025-08-01 07:13:00.974478
723,2025-12-15,12:28:00.974478,Bagel,Bakery,2,2.5,5.0,Card,5,2025-12-15 12:28:00.974478
724,2025-11-25,11:22:00.974478,Herbal Tea,Tea,1,3.0,3.0,Card,5,2025-11-25 11:22:00.974478
725,2025-07-28,10:42:00.974478,Cappuccino,Coffee,1,3.75,3.75,Card,2,2025-07-28 10:42:00.974478
726,2025-10-14,07:04:00.974478,Americano,Coffee,1,3.0,3.0,Card,4,2025-10-14 07:04:00.974478
727,2026-01-03,09:15:00.974478,Bagel,Bakery,1,2.5,2.5,Mobile Payment,4,2026-01-03 09:15:00.974478
728,2025-08-31,08:30:00.974478,Herbal Tea,Tea,1,3.0,3.0,Card,1,2025-08-31 08:30:00.974478
729,2025-11-27,11:04:00.974478,Mocha,Coffee,3,4.5,13.5,Card,5,2025-11-27 11:04:00.974478
730,2025-09-28,11:15:00.974478,Chai Latte,Tea,2,4.25,8.5,Card,4,2025-09-28 11:15:00.974478
731,2025-12-20,08:36:00.974478,Chai Latte,Tea,1,4.25,4.25,Cash,4,2025-12-20 08:36:00.974478
732,2025-10-21,08:31:00.974478,Muffin,Bakery,2,2.75,5.5,Cash,5,2025-10-21 08:31:00.974478
733,2025-12-16,11:25:00.974478,Turkey Club,Sandwich,1,7.5,7.5,Card,5,2025-12-16 11:25:00.974478
734,2026-01-01,07:13:00.974478,Chai Latte,Tea,1,4.25,4.25,Cash,4,2026-01-01 07:13:00.974478
735,2025-10-13,12:11:00.974478,Scone,Bakery,1,3.0,3.0,Mobile Payment,2,2025-10-13 12:11:00.974478
736,2025-12-17,08:47:00.974478,Herbal Tea,Tea,1,3.0,3.0,Card,5,2025-12-17 08:47:00.974478
737,2025-09-07,11:39:00.974478,Scone,Bakery,1,3.0,3.0,Card,5,2025-09-07 11:39:00.974478
738,2025-12-15,08:02:00.974478,Black Tea,Tea,2,2.5,5.0,Cash,5,2025-12-15 08:02:00.974478
739,2025-09-10,11:30:00.974478,Latte,Coffee,1,4.0,4.0,Mobile Payment,5,2025-09-10 11:30:00.974478
740,2025-12-06,11:14:00.974478,Veggie Wrap,Sandwich,2,7.0,14.0,Card,5,2025-12-06 11:14:00.974478
741,2026-01-09,07:20:00.974478,Espresso,Coffee,1,2.5,2.5,Card,5,2026-01-09 07:20:00.974478
742,2026-01-02,12:24:00.974478,Scone,Bakery,1,3.0,3.0,Cash,5,2026-01-02 12:24:00.974478
743,2025-07-27,14:14:00.974478,Latte,Coffee,1,4.0,4.0,Card,4,2025-07-27 14:14:00.974478
744,2026-01-05,12:44:00.974478,Bagel,Bakery,1,2.5,2.5,Card,2,2026-01-05 12:44:00.974478
745,2025-12-15,12:47:00.974478,Scone,Bakery,1,3.0,3.0,Cash,5,2025-12-15 12:47:00.974478
746,2025-12-09,09:58:00.974478,Muffin,Bakery,1,2.75,2.75,Cash,5,2025-12-09 09:58:00.974478
747,2025-08-14,10:54:00.974478,Black Tea,Tea,3,2.5,7.5,Card,5,2025-08-14 10:54:00.974478
748,2025-12-17,11:09:00.974478,Ham & Cheese,Sandwich,2,6.5,13.0,Card,5,2025-12-17 11:09:00.974478
749,2025-07-19,10:10:00.974478,Croissant,Bakery,1,3.5,3.5,Card,5,2025-07-19 10:10:00.974478
750,2025-10-17,07:12:00.974478,Ham & Cheese,Sandwich,1,6.5,6.5,Card,5,2025-10-17 07:12:00.974478
751,2025-12-20,11:43:00.974478,Chai Latte,Tea,1,4.25,4.25,Card,5,2025-12-20 11:43:00.974478
752,2025-12-17,10:38:00.974478,Muffin,Bakery,2,2.75,5.5,Mobile Payment,1,2025-12-17 10:38:00.974478
753,2025-12-17,11:13:00.974478,Latte,Coffee,1,4.0,4.0,Card,4,2025-12-17 11:13:00.974478
754,2025-10-29,08:50:00.974478,Scone,Bakery,1,3.0,3.0,Cash,4,2025-10-29 08:50:00.974478
755,2025-08-24,11:21:00.974478,Mocha,Coffee,1,4.5,4.5,Card,5,2025-08-24 11:21:00.974478
756,2025-09-17,08:11:00.974478,Bagel,Bakery,1,2.5,2.5,Cash,4,2025-09-17 08:11:00.974478
757,2025-10-05,05:47:00.974478,Turkey Club,Sandwich,1,7.5,7.5,Mobile Payment,5,2025-10-05 05:47:00.974478
758,2025-12-26,11:37:00.974478,Green Tea,Tea,1,2.75,2.75,Card,4,2025-12-26 11:37:00.974478
759,2025-11-28,11:11:00.974478,Bagel,Bakery,1,2.5,2.5,Card,4,2025-11-28 11:11:00.974478
760,2025-12-08,09:08:00.974478,Turkey Club,Sandwich,3,7.5,22.5,Card,5,2025-12-08 09:08:00.974478
761,2025-11-02,07:13:00.974478,Cappuccino,Coffee,3,3.75,11.25,Card,4,2025-11-02 07:13:00.974478
762,2025-09-10,11:57:00.974478,Croissant,Bakery,1,3.5,3.5,Card,4,2025-09-10 11:57:00.974478
763,2025-10-14,09:13:00.974478,Herbal Tea,Tea,1,3.0,3.0,Card,4,2025-10-14 09:13:00.974478
764,2025-11-25,08:27:00.974478,Chai Latte,Tea,1,4.25,4.25,Cash,5,2025-11-25 08:27:00.974478
765,2025-09-06,10:22:00.974478,Turkey Club,Sandwich,1,7.5,7.5,Card,5,2025-09-06 10:22:00.974478
766,2025-11-24,08:01:00.974478,Chai Latte,Tea,1,4.25,4.25,Card,5,2025-11-24 08:01:00.974478
767,2025-07-23,11:39:00.974478,Espresso,Coffee,1,2.5,2.5,Card,5,2025-07-23 11:39:00.974478
768,2025-09-11,08:23:00.974478,Veggie Wrap,Sandwich,1,7.0,7.0,Cash,5,2025-09-11 08:23:00.974478
769,2025-12-19,08:21:00.974478,Ham & Cheese,Sandwich,1,6.5,6.5,Card,5,2025-12-19 08:21:00.974478
770,2025-09-16,14:35:00.974478,Bagel,Bakery,1,2.5,2.5,Card,5,2025-09-16 14:35:00.974478
771,2025-12-22,11:35:00.974478,Cappuccino,Coffee,2,3.75,7.5,Card,5,2025-12-22 11:35:00.974478
772,2025-08-26,11:26:00.974478,Bagel,Bakery,1,2.5,2.5,Card,1,2025-08-26 11:26:00.974478
773,2025-08-12,10:32:00.974478,Turkey Club,Sandwich,1,7.5,7.5,Card,5,2025-08-12 10:32:00.974478
774,2025-10-24,09:18:00.974478,Ham & Cheese,Sandwich,2,6.5,13.0,Card,5,2025-10-24 09:18:00.974478
775,2025-12-27,15:25:00.974478,Ham & Cheese,Sandwich,1,6.5,6.5,Card,4,2025-12-27 15:25:00.974478
776,2025-12-03,07:33:00.974478,Herbal Tea,Tea,1,3.0,3.0,Mobile Payment,4,2025-12-03 07:33:00.974478
777,2025-09-04,08:45:00.974478,Muffin,Bakery,1,2.75,2.75,Cash,1,2025-09-04 08:45:00.974478
778,2025-12-22,10:36:00.974478,Espresso,Coffee,1,2.5,2.5,Cash,4,2025-12-22 10:36:00.974478
779,2025-10-21,11:30:00.974478,Turkey Club,Sandwich,1,7.5,7.5,Card,5,2025-10-21 11:30:00.974478
780,2025-11-09,11:29:00.974478,Mocha,Coffee,1,4.5,4.5,Card,4,2025-11-09 11:29:00.974478
781,2025-09-14,08:38:00.974478,Croissant,Bakery,1,3.5,3.5,Card,4,2025-09-14 08:38:00.974478
782,2025-09-19,11:14:00.974478,Latte,Coffee,1,4.0,4.0,Cash,3,2025-09-19 11:14:00.974478
783,2025-11-30,14:55:00.974478,Americano,Coffee,2,3.0,6.0,Cash,5,2025-11-30 14:55:00.974478
784,2025-10-22,14:03:00.974478,Green Tea,Tea,1,2.75,2.75,Card,5,2025-10-22 14:03:00.974478
785,2025-08-27,11:17:00.974478,Black Tea,Tea,1,2.5,2.5,Card,3,2025-08-27 11:17:00.974478
786,2025-11-16,08:31:00.974478,Americano,Coffee,2,3.0,6.0,Card,5,2025-11-16 08:31:00.974478
787,2025-09-13,08:45:00.974478,Cappuccino,Coffee,1,3.75,3.75,Mobile Payment,5,2025-09-13 08:45:00.974478
788,2025-08-13,12:09:00.974478,Croissant,Bakery,1,3.5,3.5,Cash,4,2025-08-13 12:09:00.974478
789,2025-10-05,11:33:00.974478,Cappuccino,Coffee,1,3.75,3.75,Card,5,2025-10-05 11:33:00.974478
790,2025-09-14,14:15:00.974478,Scone,Bakery,1,3.0,3.0,Cash,4,2025-09-14 14:15:00.974478
791,2025-09-03,09:56:00.974478,Scone,Bakery,1,3.0,3.0,Card,5,2025-09-03 09:56:00.974478
792,2025-12-13,05:27:00.974478,Mocha,Coffee,1,4.5,4.5,Mobile Payment,3,2025-12-13 05:27:00.974478
793,2025-10-15,11:59:00.974478,Cappuccino,Coffee,1,3.75,3.75,Cash,4,2025-10-15 11:59:00.974478
794,2025-08-04,07:27:00.974478,Mocha,Coffee,1,4.5,4.5,Card,4,2025-08-04 07:27:00.974478
795,2025-11-02,11:11:00.974478,Black Tea,Tea,2,2.5,5.0,Cash,5,2025-11-02 11:11:00.974478
796,2025-10-01,07:43:00.974478,Ham & Cheese,Sandwich,1,6.5,6.5,Card,4,2025-10-01 07:43:00.974478
797,2025-11-02,09:54:00.974478,Espresso,Coffee,1,2.5,2.5,Card,4,2025-11-02 09:54:00.974478
798,2025-08-07,12:35:00.974478,Bagel,Bakery,1,2.5,2.5,Card,5,2025-08-07 12:35:00.974478
799,2025-08-17,14:22:00.974478,Bagel,Bakery,1,2.5,2.5,Card,5,2025-08-17 14:22:00.974478
800,2025-07-20,14:41:00.974478,Chai Latte,Tea,2,4.25,8.5,Card,4,2025-07-20 14:41:00.974478
801,2025-09-25,10:42:00.974478,Croissant,Bakery,1,3.5,3.5,Card,5,2025-09-25 10:42:00.974478
802,2025-12-10,11:24:00.974478,Mocha,Coffee,2,4.5,9.0,Mobile Payment,5,2025-12-10 11:24:00.974478
803,2025-11-07,09:40:00.974478,Veggie Wrap,Sandwich,1,7.0,7.0,Card,5,2025-11-07 09:40:00.974478
804,2025-12-31,07:50:00.974478,Bagel,Bakery,1,2.5,2.5,Card,3,2025-12-31 07:50:00.974478
805,2025-10-08,07:03:00.974478,Herbal Tea,Tea,1,3.0,3.0,Cash,5,2025-10-08 07:03:00.974478
806,2025-12-07,09:30:00.974478,Bagel,Bakery,1,2.5,2.5,Card,1,2025-12-07 09:30:00.974478
807,2025-11-14,07:48:00.974478,Herbal Tea,Tea,2,3.0,6.0,Card,4,2025-11-14 07:48:00.974478
808,2025-12-25,07:54:00.974478,Americano,Coffee,1,3.0,3.0,Card,5,2025-12-25 07:54:00.974478
809,2025-12-08,08:52:00.974478,Croissant,Bakery,1,3.5,3.5,Card,4,2025-12-08 08:52:00.974478
810,2025-12-27,08:12:00.974478,Scone,Bakery,3,3.0,9.0,Cash,5,2025-12-27 08:12:00.974478
811,2025-10-30,09:25:00.974478,Green Tea,Tea,1,2.75,2.75,Card,5,2025-10-30 09:25:00.974478
812,2025-12-07,11:25:00.974478,Green Tea,Tea,1,2.75,2.75,Card,4,2025-12-07 11:25:00.974478
813,2025-10-08,13:40:00.974478,Espresso,Coffee,1,2.5,2.5,Card,3,2025-10-08 13:40:00.974478
814,2025-09-30,10:14:00.974478,Mocha,Coffee,1,4.5,4.5,Card,3,2025-09-30 10:14:00.974478
815,2025-11-26,11:42:00.974478,Muffin,Bakery,1,2.75,2.75,Card,5,2025-11-26 11:42:00.974478
816,2025-12-18,07:49:00.974478,Americano,Coffee,1,3.0,3.0,Card,1,2025-12-18 07:49:00.974478
817,2025-11-24,12:24:00.974478,Americano,Coffee,1,3.0,3.0,Card,5,2025-11-24 12:24:00.974478
818,2025-12-11,10:34:00.974478,Espresso,Coffee,1,2.5,2.5,Card,1,2025-12-11 10:34:00.974478
819,2025-11-02,11:18:00.974478,Muffin,Bakery,1,2.75,2.75,Cash,5,2025-11-02 11:18:00.974478
820,2025-07-31,12:25:00.974478,Ham & Cheese,Sandwich,1,6.5,6.5,Card,5,2025-07-31 12:25:00.974478
821,2025-10-24,09:42:00.974478,Ham & Cheese,Sandwich,1,6.5,6.5,Mobile Payment,5,2025-10-24 09:42:00.974478
822,2025-09-19,09:35:00.974478,Americano,Coffee,1,3.0,3.0,Card,5,2025-09-19 09:35:00.974478
823,2025-09-14,13:45:00.974478,Ham & Cheese,Sandwich,1,6.5,6.5,Card,5,2025-09-14 13:45:00.974478
824,2025-08-17,08:37:00.974478,Muffin,Bakery,1,2.75,2.75,Mobile Payment,3,2025-08-17 08:37:00.974478
825,2025-12-01,11:07:00.974478,Muffin,Bakery,1,2.75,2.75,Card,5,2025-12-01 11:07:00.974478
826,2026-01-12,09:04:00.974478,Mocha,Coffee,3,4.5,13.5,Card,4,2026-01-12 09:04:00.974478
827,2026-01-07,08:23:00.974478,Mocha,Coffee,1,4.5,4.5,Card,3,2026-01-07 08:23:00.974478
828,2026-01-14,08:55:00.974478,Veggie Wrap,Sandwich,1,7.0,7.0,Cash,5,2026-01-14 08:55:00.974478
829,2025-09-12,11:57:00.974478,Latte,Coffee,1,4.0,4.0,Card,5,2025-09-12 11:57:00.974478
830,2025-11-09,09:22:00.974478,Muffin,Bakery,1,2.75,2.75,Cash,5,2025-11-09 09:22:00.974478
831,2025-12-14,10:30:00.974478,Scone,Bakery,1,3.0,3.0,Cash,5,2025-12-14 10:30:00.974478
832,2025-11-10,12:06:00.974478,Scone,Bakery,1,3.0,3.0,Cash,5,2025-11-10 12:06:00.974478
833,2026-01-09,07:31:00.974478,Cappuccino,Coffee,1,3.75,3.75,Cash,5,2026-01-09 07:31:00.974478
834,2025-11-18,07:19:00.974478,Black Tea,Tea,1,2.5,2.5,Mobile Payment,5,2025-11-18 07:19:00.974478
835,2025-09-06,13:45:00.974478,Mocha,Coffee,1,4.5,4.5,Card,5,2025-09-06 13:45:00.974478
836,2026-01-06,13:54:00.974478,Croissant,Bakery,1,3.5,3.5,Cash,4,2026-01-06 13:54:00.974478
837,2025-08-17,09:11:00.974478,Croissant,Bakery,1,3.5,3.5,Card,4,2025-08-17 09:11:00.974478
838,2025-08-14,08:37:00.974478,Latte,Coffee,1,4.0,4.0,Card,4,2025-08-14 08:37:00.974478
839,2025-07-23,13:19:00.974478,Espresso,Coffee,1,2.5,2.5,Card,3,2025-07-23 13:19:00.974478
840,2025-11-24,11:05:00.974478,Scone,Bakery,1,3.0,3.0,Cash,5,2025-11-24 11:05:00.974478
841,2025-09-09,12:49:00.974478,Cappuccino,Coffee,1,3.75,3.75,Cash,4,2025-09-09 12:49:00.974478
842,2025-10-02,14:59:00.974478,Turkey Club,Sandwich,1,7.5,7.5,Card,4,2025-10-02 14:59:00.974478
843,2025-10-01,07:34:00.974478,Latte,Coffee,1,4.0,4.0,Card,5,2025-10-01 07:34:00.974478
844,2025-08-14,08:20:00.974478,Latte,Coffee,1,4.0,4.0,Cash,5,2025-08-14 08:20:00.974478
845,2026-01-02,11:26:00.974478,Americano,Coffee,1,3.0,3.0,Card,5,2026-01-02 11:26:00.974478
846,2025-10-03,08:30:00.974478,Chai Latte,Tea,1,4.25,4.25,Card,4,2025-10-03 08:30:00.974478
847,2025-08-09,03:30:00.974478,Americano,Coffee,2,3.0,6.0,Card,5,2025-08-09 03:30:00.974478
848,2025-09-14,04:02:00.974478,Green Tea,Tea,1,2.75,2.75,Card,5,2025-09-14 04:02:00.974478
849,2025-11-25,13:40:00.974478,Black Tea,Tea,1,2.5,2.5,Mobile Payment,5,2025-11-25 13:40:00.974478
850,2025-11-19,12:30:00.974478,Turkey Club,Sandwich,2,7.5,15.0,Card,5,2025-11-19 12:30:00.974478
851,2025-09-22,07:10:00.974478,Cappuccino,Coffee,1,3.75,3.75,Mobile Payment,4,2025-09-22 07:10:00.974478
852,2025-08-07,11:31:00.974478,Chai Latte,Tea,2,4.25,8.5,Mobile Payment,5,2025-08-07 11:31:00.974478
853,2025-12-29,08:13:00.974478,Cappuccino,Coffee,1,3.75,3.75,Card,3,2025-12-29 08:13:00.974478
854,2025-09-16,02:33:00.974478,Chai Latte,Tea,1,4.25,4.25,Cash,5,2025-09-16 02:33:00.974478
855,2025-09-04,08:33:00.974478,Green Tea,Tea,1,2.75,2.75,Card,1,2025-09-04 08:33:00.974478
856,2025-12-02,11:36:00.974478,Americano,Coffee,1,3.0,3.0,Cash,2,2025-12-02 11:36:00.974478
857,2025-08-05,12:36:00.974478,Americano,Coffee,1,3.0,3.0,Card,5,2025-08-05 12:36:00.974478
858,2025-10-26,12:14:00.974478,Black Tea,Tea,1,2.5,2.5,Card,5,2025-10-26 12:14:00.974478
859,2026-01-15,11:36:00.974478,Herbal Tea,Tea,1,3.0,3.0,Cash,4,2026-01-15 11:36:00.974478
860,2026-01-14,08:41:00.974478,Turkey Club,Sandwich,1,7.5,7.5,Mobile Payment,5,2026-01-14 08:41:00.974478
861,2025-12-24,08:42:00.974478,Veggie Wrap,Sandwich,1,7.0,7.0,Card,5,2025-12-24 08:42:00.974478
862,2025-07-30,15:37:00.974478,Ham & Cheese,Sandwich,1,6.5,6.5,Cash,5,2025-07-30 15:37:00.974478
863,2025-09-04,10:54:00.974478,Ham & Cheese,Sandwich,1,6.5,6.5,Card,5,2025-09-04 10:54:00.974478
864,2025-12-25,11:18:00.974478,Turkey Club,Sandwich,1,7.5,7.5,Mobile Payment,4,2025-12-25 11:18:00.974478
865,2025-12-27,09:17:00.974478,Ham & Cheese,Sandwich,1,6.5,6.5,Cash,5,2025-12-27 09:17:00.974478
866,2025-11-01,08:18:00.974478,Ham & Cheese,Sandwich,1,6.5,6.5,Cash,5,2025-11-01 08:18:00.974478
867,2025-10-14,07:54:00.974478,Scone,Bakery,1,3.0,3.0,Card,5,2025-10-14 07:54:00.974478
868,2025-12-10,12:14:00.974478,Green Tea,Tea,1,2.75,2.75,Card,5,2025-12-10 12:14:00.974478
869,2025-10-10,10:44:00.974478,Veggie Wrap,Sandwich,1,7.0,7.0,Cash,5,2025-10-10 10:44:00.974478
870,2025-08-13,14:28:00.974478,Black Tea,Tea,1,2.5,2.5,Card,4,2025-08-13 14:28:00.974478
871,2025-10-19,07:58:00.974478,Turkey Club,Sandwich,1,7.5,7.5,Card,5,2025-10-19 07:58:00.974478
872,2025-11-22,10:13:00.974478,Americano,Coffee,1,3.0,3.0,Card,3,2025-11-22 10:13:00.974478
873,2026-01-09,03:25:00.974478,Croissant,Bakery,1,3.5,3.5,Card,5,2026-01-09 03:25:00.974478
874,2026-01-08,13:18:00.974478,Chai Latte,Tea,2,4.25,8.5,Cash,4,2026-01-08 13:18:00.974478
875,2025-12-09,12:17:00.974478,Turkey Club,Sandwich,2,7.5,15.0,Card,5,2025-12-09 12:17:00.974478
876,2025-10-04,08:18:00.974478,Americano,Coffee,2,3.0,6.0,Mobile Payment,2,2025-10-04 08:18:00.974478
877,2025-12-01,13:42:00.974478,Scone,Bakery,1,3.0,3.0,Mobile Payment,4,2025-12-01 13:42:00.974478
878,2025-08-09,12:01:00.974478,Latte,Coffee,1,4.0,4.0,Card,3,2025-08-09 12:01:00.974478
879,2025-10-29,15:36:00.974478,Chai Latte,Tea,2,4.25,8.5,Mobile Payment,5,2025-10-29 15:36:00.974478
880,2025-08-09,07:50:00.974478,Green Tea,Tea,1,2.75,2.75,Card,4,2025-08-09 07:50:00.974478
881,2025-12-01,08:41:00.974478,Mocha,Coffee,1,4.5,4.5,Card,3,2025-12-01 08:41:00.974478
882,2026-01-10,07:50:00.974478,Croissant,Bakery,1,3.5,3.5,Mobile Payment,5,2026-01-10 07:50:00.974478
883,2025-09-02,15:59:00.974478,Veggie Wrap,Sandwich,1,7.0,7.0,Card,5,2025-09-02 15:59:00.974478
884,2025-10-22,08:50:00.974478,Chai Latte,Tea,1,4.25,4.25,Card,3,2025-10-22 08:50:00.974478
885,2025-12-15,08:27:00.974478,Green Tea,Tea,1,2.75,2.75,Cash,3,2025-12-15 08:27:00.974478
886,2025-11-06,08:57:00.974478,Croissant,Bakery,2,3.5,7.0,Card,4,2025-11-06 08:57:00.974478
887,2025-11-17,12:14:00.974478,Croissant,Bakery,1,3.5,3.5,Card,4,2025-11-17 12:14:00.974478
888,2025-10-22,08:23:00.974478,Mocha,Coffee,1,4.5,4.5,Cash,3,2025-10-22 08:23:00.974478
889,2025-09-04,10:29:00.974478,Bagel,Bakery,1,2.5,2.5,Card,5,2025-09-04 10:29:00.974478
890,2026-01-11,08:00:00.974478,Bagel,Bakery,1,2.5,2.5,Card,4,2026-01-11 08:00:00.974478
891,2026-01-01,08:30:00.974478,Muffin,Bakery,2,2.75,5.5,Card,4,2026-01-01 08:30:00.974478
892,2025-12-29,09:49:00.974478,Espresso,Coffee,1,2.5,2.5,Card,5,2025-12-29 09:49:00.974478
893,2025-09-18,12:04:00.974478,Mocha,Coffee,2,4.5,9.0,Card,5,2025-09-18 12:04:00.974478
894,2025-08-16,12:30:00.974478,Chai Latte,Tea,3,4.25,12.75,Mobile Payment,4,2025-08-16 12:30:00.974478
895,2025-08-04,07:26:00.974478,Cappuccino,Coffee,1,3.75,3.75,Cash,4,2025-08-04 07:26:00.974478
896,2025-11-24,09:47:00.974478,Chai Latte,Tea,2,4.25,8.5,Card,5,2025-11-24 09:47:00.974478
897,2025-10-07,09:18:00.974478,Turkey Club,Sandwich,1,7.5,7.5,Card,5,2025-10-07 09:18:00.974478
898,2025-07-20,07:51:00.974478,Green Tea,Tea,1,2.75,2.75,Mobile Payment,4,2025-07-20 07:51:00.974478
899,2025-12-20,10:47:00.974478,Latte,Coffee,1,4.0,4.0,Card,5,2025-12-20 10:47:00.974478
900,2025-08-05,08:17:00.974478,Scone,Bakery,1,3.0,3.0,Card,5,2025-08-05 08:17:00.974478
901,2025-10-05,07:48:00.974478,Scone,Bakery,1,3.0,3.0,Card,4,2025-10-05 07:48:00.974478
902,2026-01-02,08:14:00.974478,Green Tea,Tea,1,2.75,2.75,Cash,4,2026-01-02 08:14:00.974478
903,2025-10-24,14:06:00.974478,Chai Latte,Tea,3,4.25,12.75,Card,3,2025-10-24 14:06:00.974478
904,2025-11-26,08:53:00.974478,Croissant,Bakery,1,3.5,3.5,Card,3,2025-11-26 08:53:00.974478
905,2025-10-07,10:14:00.974478,Cappuccino,Coffee,2,3.75,7.5,Cash,4,2025-10-07 10:14:00.974478
906,2025-07-25,11:03:00.974478,Herbal Tea,Tea,1,3.0,3.0,Card,5,2025-07-25 11:03:00.974478
907,2025-12-09,08:03:00.974478,Bagel,Bakery,1,2.5,2.5,Card,5,2025-12-09 08:03:00.974478
908,2025-12-22,12:21:00.974478,Cappuccino,Coffee,1,3.75,3.75,Cash,4,2025-12-22 12:21:00.974478
909,2025-09-24,09:42:00.974478,Latte,Coffee,1,4.0,4.0,Card,4,2025-09-24 09:42:00.974478
910,2026-01-01,14:51:00.974478,Croissant,Bakery,1,3.5,3.5,Card,4,2026-01-01 14:51:00.974478
911,2025-12-09,08:03:00.974478,Latte,Coffee,2,4.0,8.0,Card,4,2025-12-09 08:03:00.974478
912,2025-10-18,11:17:00.974478,Black Tea,Tea,1,2.5,2.5,Card,4,2025-10-18 11:17:00.974478
913,2025-12-08,10:36:00.974478,Veggie Wrap,Sandwich,3,7.0,21.0,Cash,4,2025-12-08 10:36:00.974478
914,2025-08-09,12:52:00.974478,Mocha,Coffee,1,4.5,4.5,Card,4,2025-08-09 12:52:00.974478
915,2026-01-09,08:04:00.974478,Americano,Coffee,1,3.0,3.0,Cash,5,2026-01-09 08:04:00.974478
916,2025-08-13,09:14:00.974478,Americano,Coffee,1,3.0,3.0,Card,2,2025-08-13 09:14:00.974478
917,2025-08-05,10:15:00.974478,Scone,Bakery,1,3.0,3.0,Cash,4,2025-08-05 10:15:00.974478
918,2025-10-16,02:18:00.974478,Green Tea,Tea,1,2.75,2.75,Card,2,2025-10-16 02:18:00.974478
919,2025-08-17,11:41:00.974478,Chai Latte,Tea,1,4.25,4.25,Cash,4,2025-08-17 11:41:00.974478
920,2025-07-27,07:58:00.974478,Espresso,Coffee,1,2.5,2.5,Cash,4,2025-07-27 07:58:00.974478
921,2025-11-16,11:29:00.974478,Mocha,Coffee,1,4.5,4.5,Cash,4,2025-11-16 11:29:00.974478
922,2025-11-13,11:13:00.974478,Ham & Cheese,Sandwich,1,6.5,6.5,Mobile Payment,4,2025-11-13 11:13:00.974478
923,2025-12-13,07:38:00.974478,Herbal Tea,Tea,1,3.0,3.0,Cash,5,2025-12-13 07:38:00.974478
924,2025-08-02,12:23:00.974478,Mocha,Coffee,1,4.5,4.5,Card,2,2025-08-02 12:23:00.974478
925,2026-01-04,14:44:00.974478,Green Tea,Tea,1,2.75,2.75,Mobile Payment,4,2026-01-04 14:44:00.974478
926,2025-12-19,10:17:00.974478,Black Tea,Tea,1,2.5,2.5,Card,5,2025-12-19 10:17:00.974478
927,2025-10-22,14:50:00.974478,Bagel,Bakery,2,2.5,5.0,Cash,4,2025-10-22 14:50:00.974478
928,2025-08-21,08:33:00.974478,Scone,Bakery,3,3.0,9.0,Card,5,2025-08-21 08:33:00.974478
929,2025-12-29,11:21:00.974478,Bagel,Bakery,1,2.5,2.5,Mobile Payment,4,2025-12-29 11:21:00.974478
930,2025-10-08,08:12:00.974478,Americano,Coffee,1,3.0,3.0,Card,4,2025-10-08 08:12:00.974478
931,2025-08-22,08:34:00.974478,Cappuccino,Coffee,2,3.75,7.5,Mobile Payment,4,2025-08-22 08:34:00.974478
932,2025-12-12,08:44:00.974478,Mocha,Coffee,2,4.5,9.0,Card,3,2025-12-12 08:44:00.974478
933,2025-07-22,07:25:00.974478,Mocha,Coffee,1,4.5,4.5,Card,5,2025-07-22 07:25:00.974478
934,2025-12-11,09:16:00.974478,Black Tea,Tea,1,2.5,2.5,Card,4,2025-12-11 09:16:00.974478
935,2025-07-26,11:24:00.974478,Mocha,Coffee,1,4.5,4.5,Cash,5,2025-07-26 11:24:00.974478
936,2025-11-04,13:47:00.974478,Green Tea,Tea,2,2.75,5.5,Cash,3,2025-11-04 13:47:00.974478
937,2026-01-03,00:33:00.974478,Bagel,Bakery,1,2.5,2.5,Cash,4,2026-01-03 00:33:00.974478
938,2025-11-16,09:54:00.974478,Bagel,Bakery,2,2.5,5.0,Mobile Payment,5,2025-11-16 09:54:00.974478
939,2025-11-12,08:43:00.974478,Mocha,Coffee,1,4.5,4.5,Card,4,2025-11-12 08:43:00.974478
940,2025-07-20,07:51:00.974478,Chai Latte,Tea,1,4.25,4.25,Card,5,2025-07-20 07:51:00.974478
941,2025-09-26,07:40:00.974478,Espresso,Coffee,1,2.5,2.5,Card,4,2025-09-26 07:40:00.974478
942,2025-10-04,09:49:00.974478,Espresso,Coffee,1,2.5,2.5,Card,4,2025-10-04 09:49:00.974478
943,2025-09-02,07:45:00.974478,Ham & Cheese,Sandwich,1,6.5,6.5,Card,5,2025-09-02 07:45:00.974478
944,2025-09-03,08:15:00.974478,Muffin,Bakery,1,2.75,2.75,Cash,5,2025-09-03 08:15:00.974478
945,2025-10-18,12:35:00.974478,Veggie Wrap,Sandwich,1,7.0,7.0,Cash,5,2025-10-18 12:35:00.974478
946,2025-09-23,09:08:00.974478,Turkey Club,Sandwich,1,7.5,7.5,Card,5,2025-09-23 09:08:00.974478
947,2025-11-23,12:59:00.974478,Latte,Coffee,1,4.0,4.0,Card,4,2025-11-23 12:59:00.974478
948,2025-10-27,07:33:00.974478,Latte,Coffee,3,4.0,12.0,Card,3,2025-10-27 07:33:00.974478
949,2025-09-19,10:50:00.974478,Ham & Cheese,Sandwich,1,6.5,6.5,Card,5,2025-09-19 10:50:00.974478
950,2025-12-22,09:32:00.974478,Bagel,Bakery,1,2.5,2.5,Card,5,2025-12-22 09:32:00.974478
951,2025-09-26,08:35:00.974478,Turkey Club,Sandwich,2,7.5,15.0,Cash,5,2025-09-26 08:35:00.974478
952,2025-11-25,08:59:00.974478,Muffin,Bakery,3,2.75,8.25,Card,4,2025-11-25 08:59:00.974478
953,2025-12-17,05:11:00.974478,Muffin,Bakery,1,2.75,2.75,Cash,4,2025-12-17 05:11:00.974478
954,2025-09-14,08:49:00.974478,Green Tea,Tea,1,2.75,2.75,Card,5,2025-09-14 08:49:00.974478
955,2025-08-12,08:09:00.974478,Cappuccino,Coffee,2,3.75,7.5,Cash,4,2025-08-12 08:09:00.974478
956,2025-12-08,08:23:00.974478,Black Tea,Tea,1,2.5,2.5,Cash,4,2025-12-08 08:23:00.974478
957,2025-12-24,08:02:00.974478,Americano,Coffee,1,3.0,3.0,Card,4,2025-12-24 08:02:00.974478
958,2025-11-09,12:59:00.974478,Veggie Wrap,Sandwich,1,7.0,7.0,Card,5,2025-11-09 12:59:00.974478
959,2025-12-05,12:37:00.974478,Latte,Coffee,1,4.0,4.0,Card,4,2025-12-05 12:37:00.974478
960,2025-12-28,14:09:00.974478,Ham & Cheese,Sandwich,1,6.5,6.5,Mobile Payment,5,2025-12-28 14:09:00.974478
961,2025-08-06,09:31:00.974478,Turkey Club,Sandwich,1,7.5,7.5,Card,4,2025-08-06 09:31:00.974478
962,2025-10-07,07:30:00.974478,Espresso,Coffee,1,2.5,2.5,Mobile Payment,5,2025-10-07 07:30:00.974478
963,2025-07-26,11:09:00.974478,Turkey Club,Sandwich,1,7.5,7.5,Card,3,2025-07-26 11:09:00.974478
964,2025-08-25,10:17:00.974478,Americano,Coffee,2,3.0,6.0,Cash,3,2025-08-25 10:17:00.974478
965,2025-12-14,08:34:00.974478,Veggie Wrap,Sandwich,1,7.0,7.0,Card,5,2025-12-14 08:34:00.974478
966,2025-08-08,12:36:00.974478,Turkey Club,Sandwich,1,7.5,7.5,Card,4,2025-08-08 12:36:00.974478
967,2025-08-01,07:06:00.974478,Veggie Wrap,Sandwich,1,7.0,7.0,Card,5,2025-08-01 07:06:00.974478
968,2026-01-14,11:21:00.974478,Turkey Club,Sandwich,1,7.5,7.5,Card,4,2026-01-14 11:21:00.974478
969,2025-08-19,07:43:00.974478,Herbal Tea,Tea,2,3.0,6.0,Card,4,2025-08-19 07:43:00.974478
970,2025-10-10,07:19:00.974478,Americano,Coffee,2,3.0,6.0,Card,4,2025-10-10 07:19:00.974478
971,2025-09-24,09:32:00.974478,Latte,Coffee,1,4.0,4.0,Mobile Payment,4,2025-09-24 09:32:00.974478
972,2025-10-29,13:51:00.974478,Black Tea,Tea,2,2.5,5.0,Mobile Payment,5,2025-10-29 13:51:00.974478
973,2025-12-26,10:22:00.974478,Cappuccino,Coffee,1,3.75,3.75,Cash,5,2025-12-26 10:22:00.974478
974,2025-09-22,11:52:00.974478,Muffin,Bakery,1,2.75,2.75,Cash,5,2025-09-22 11:52:00.974478
975,2026-01-09,07:45:00.974478,Espresso,Coffee,2,2.5,5.0,Card,5,2026-01-09 07:45:00.974478
976,2025-11-25,09:21:00.974478,Herbal Tea,Tea,1,3.0,3.0,Mobile Payment,4,2025-11-25 09:21:00.974478
977,2025-08-26,12:10:00.974478,Black Tea,Tea,1,2.5,2.5,Card,4,2025-08-26 12:10:00.974478
978,2025-09-11,10:09:00.974478,Herbal Tea,Tea,1,3.0,3.0,Card,4,2025-09-11 10:09:00.974478
979,2025-07-23,00:41:00.974478,Chai Latte,Tea,3,4.25,12.75,Mobile Payment,4,2025-07-23 00:41:00.974478
980,2025-10-20,11:25:00.974478,Green Tea,Tea,1,2.75,2.75,Cash,5,2025-10-20 11:25:00.974478
981,2025-09-13,14:50:00.974478,Croissant,Bakery,1,3.5,3.5,Cash,4,2025-09-13 14:50:00.974478
982,2025-12-22,16:23:00.974478,Mocha,Coffee,1,4.5,4.5,Cash,5,2025-12-22 16:23:00.974478
983,2025-10-27,11:45:00.974478,Turkey Club,Sandwich,1,7.5,7.5,Mobile Payment,4,2025-10-27 11:45:00.974478
984,2025-09-01,10:37:00.974478,Black Tea,Tea,1,2.5,2.5,Card,5,2025-09-01 10:37:00.974478
985,2025-12-01,09:27:00.974478,Veggie Wrap,Sandwich,1,7.0,7.0,Card,4,2025-12-01 09:27:00.974478
986,2025-11-06,11:32:00.974478,Mocha,Coffee,2,4.5,9.0,Card,4,2025-11-06 11:32:00.974478
987,2025-11-04,07:01:00.974478,Herbal Tea,Tea,1,3.0,3.0,Cash,5,2025-11-04 07:01:00.974478
988,2025-11-20,07:45:00.974478,Americano,Coffee,1,3.0,3.0,Card,5,2025-11-20 07:45:00.974478
989,2025-10-07,15:08:00.974478,Scone,Bakery,1,3.0,3.0,Card,5,2025-10-07 15:08:00.974478
990,2025-10-01,14:55:00.974478,Latte,Coffee,1,4.0,4.0,Card,2,2025-10-01 14:55:00.974478
991,2025-07-29,10:54:00.974478,Black Tea,Tea,1,2.5,2.5,Card,5,2025-07-29 10:54:00.974478
992,2025-09-09,01:23:00.974478,Mocha,Coffee,1,4.5,4.5,Card,2,2025-09-09 01:23:00.974478
993,2025-10-14,10:32:00.974478,Green Tea,Tea,1,2.75,2.75,Mobile Payment,5,2025-10-14 10:32:00.974478
994,2025-08-30,08:06:00.974478,Bagel,Bakery,1,2.5,2.5,Card,5,2025-08-30 08:06:00.974478
995,2025-11-11,08:57:00.974478,Bagel,Bakery,1,2.5,2.5,Card,4,2025-11-11 08:57:00.974478
996,2025-08-15,12:16:00.974478,Herbal Tea,Tea,2,3.0,6.0,Card,4,2025-08-15 12:16:00.974478
997,2025-11-25,12:06:00.974478,Veggie Wrap,Sandwich,2,7.0,14.0,Card,4,2025-11-25 12:06:00.974478
998,2025-11-01,08:05:00.974478,Latte,Coffee,2,4.0,8.0,Card,4,2025-11-01 08:05:00.974478
999,2025-10-05,11:29:00.974478,Ham & Cheese,Sandwich,1,6.5,6.5,Card,4,2025-10-05 11:29:00.974478
1000,2025-12-09,08:49:00.974478,Green Tea,Tea,1,2.75,2.75,Card,4,2025-12-09 08:49:00.974478
